t_s,state_kettle,power_kettle,state_fan,power_fan,state_beam_projector,power_beam_projector,state_laptop_charger,power_laptop_charger,state_minipc,power_minipc
0.0,0,0.0,0,0.0,1,48.1966,1,45.6821,0,0.0
0.016666666666666666,0,0.0,0,0.0,1,48.8706,1,42.2812,0,0.0
0.03333333333333333,0,0.0,0,0.0,1,47.5368,1,41.7994,0,0.0
0.05,0,0.0,0,0.0,1,49.2698,1,39.3524,0,0.0
0.06666666666666667,0,0.0,0,0.0,1,48.463,1,38.5709,0,0.0
0.08333333333333333,0,0.0,0,0.0,1,47.5761,1,40.0567,0,0.0
0.1,0,0.0,0,0.0,1,48.7496,1,39.2136,0,0.0
0.11666666666666667,0,0.0,0,0.0,1,48.5534,1,39.0399,0,0.0
0.13333333333333333,0,0.0,0,0.0,1,48.501,1,40.1773,0,0.0
0.15,0,0.0,0,0.0,1,48.3895,1,39.0561,0,0.0
0.16666666666666666,0,0.0,0,0.0,1,47.9638,1,38.1905,0,0.0
0.18333333333333332,0,0.0,0,0.0,1,48.6211,1,39.9019,0,0.0
0.2,0,0.0,0,0.0,1,47.9146,1,38.7923,0,0.0
0.21666666666666667,0,0.0,0,0.0,1,48.8624,1,39.9592,0,0.0
0.23333333333333334,0,0.0,0,0.0,1,47.3966,1,38.5501,0,0.0
0.25,0,0.0,0,0.0,1,48.847,1,39.3892,0,0.0
0.26666666666666666,0,0.0,0,0.0,1,48.1793,1,45.1406,0,0.0
0.2833333333333333,0,0.0,0,0.0,1,48.5424,1,46.9434,0,0.0
0.3,0,0.0,0,0.0,1,47.822,1,48.7627,0,0.0
0.31666666666666665,0,0.0,0,0.0,1,48.4786,1,48.0954,0,0.0
0.3333333333333333,0,0.0,0,0.0,1,47.7582,1,47.2347,0,0.0
0.35,0,0.0,0,0.0,1,48.545,1,44.3051,0,0.0
0.36666666666666664,0,0.0,0,0.0,1,47.996,1,43.4699,0,0.0
0.38333333333333336,0,0.0,0,0.0,1,49.0824,1,43.8564,0,0.0
0.4,0,0.0,0,0.0,1,47.5573,1,45.4367,0,0.0
0.4166666666666667,0,0.0,0,0.0,1,48.229,1,39.3977,0,0.0
0.43333333333333335,0,0.0,0,0.0,1,48.1651,1,38.7823,0,0.0
0.45,0,0.0,0,0.0,1,48.4196,1,41.4899,0,0.0
0.4666666666666667,0,0.0,0,0.0,1,48.193,1,39.7085,0,0.0
0.48333333333333334,0,0.0,0,0.0,1,48.1631,1,39.5528,0,0.0
0.5,0,0.0,0,0.0,1,48.4781,1,39.7707,0,0.0
0.5166666666666667,0,0.0,0,0.0,1,48.0664,1,39.4525,0,0.0
0.5333333333333333,1,1256.9615,0,0.0,1,47.8282,1,38.7709,0,0.0
0.55,1,1257.9934,0,0.0,1,48.5947,1,39.2005,0,0.0
0.5666666666666667,1,1259.6339,0,0.0,1,47.7724,1,39.7578,0,0.0
0.5833333333333334,1,1259.621,0,0.0,1,48.1809,1,39.1092,0,0.0
0.6,1,1259.8057,0,0.0,1,48.4839,1,39.981,0,0.0
0.6166666666666667,1,1260.1826,0,0.0,1,48.2515,1,39.2064,0,0.0
0.6333333333333333,1,1258.248,0,0.0,1,48.3291,1,40.0946,0,0.0
0.65,1,1258.8865,0,0.0,1,48.6544,1,39.8955,0,0.0
0.6666666666666666,1,1259.2676,0,0.0,1,47.6085,1,38.6058,0,0.0
0.6833333333333333,1,1260.5635,0,0.0,1,48.2719,1,39.0032,0,0.0
0.7,1,1260.1929,0,0.0,1,48.6497,1,38.3588,0,0.0
0.7166666666666667,1,1260.6542,0,0.0,1,48.63,1,39.391,0,0.0
0.7333333333333333,1,1260.0986,0,0.0,1,47.6009,1,38.6598,0,0.0
0.75,1,1257.4514,0,0.0,1,47.92,1,47.7942,0,0.0
0.7666666666666667,1,1257.0699,0,0.0,1,48.6288,1,41.4373,0,0.0
0.7833333333333333,1,1258.3551,0,0.0,1,47.7632,1,39.606,0,0.0
0.8,1,1260.328,0,0.0,1,48.5037,1,38.469,0,0.0
0.8166666666666667,1,1260.7422,0,0.0,1,48.1556,1,39.6517,0,0.0
0.8333333333333334,1,1259.7227,0,0.0,1,48.4676,1,37.6786,0,0.0
0.85,1,1256.2604,0,0.0,1,47.8706,1,39.7517,0,0.0
0.8666666666666667,1,1258.3354,0,0.0,1,48.8569,1,39.2388,0,0.0
0.8833333333333333,1,1258.1736,0,0.0,1,48.2068,1,38.084,0,0.0
0.9,1,1259.7295,0,0.0,1,48.4339,1,46.1382,0,0.0
0.9166666666666666,1,1259.5149,0,0.0,1,48.371,1,45.1935,0,0.0
0.9333333333333333,1,1256.0275,0,0.0,1,48.4336,1,44.1643,0,0.0
0.95,1,1259.2394,0,0.0,1,48.3669,1,38.9195,0,0.0
0.9666666666666667,1,1259.577,0,0.0,1,48.358,1,39.4499,0,0.0
0.9833333333333333,1,1260.0182,0,0.0,1,48.529,1,42.4967,0,0.0
1.0,1,1259.8936,0,0.0,1,48.0227,1,42.9095,0,0.0
1.0166666666666666,1,1259.9459,0,0.0,1,48.0638,1,51.5773,0,0.0
1.0333333333333334,1,1260.9438,0,0.0,1,48.1035,1,54.564,0,0.0
1.05,1,1260.8776,0,0.0,1,48.3664,1,52.1505,0,0.0
1.0666666666666667,1,1258.2201,0,0.0,1,48.3088,1,49.3692,0,0.0
1.0833333333333333,1,1257.6222,0,0.0,1,48.5732,1,54.8791,0,0.0
1.1,1,1255.9969,0,0.0,1,48.2193,1,48.3817,0,0.0
1.1166666666666667,1,1256.4354,0,0.0,1,47.5466,1,44.0639,0,0.0
1.1333333333333333,1,1256.4172,0,0.0,1,48.2765,1,42.3262,0,0.0
1.15,1,1257.4183,0,0.0,1,48.1108,1,55.577,0,0.0
1.1666666666666667,1,1257.188,0,0.0,1,48.4662,1,53.655,0,0.0
1.1833333333333333,1,1257.1648,0,0.0,1,48.1099,1,46.536,0,0.0
1.2,1,1255.3184,0,0.0,1,48.1434,1,43.9471,0,0.0
1.2166666666666666,1,1254.0018,0,0.0,1,48.4955,1,43.9372,0,0.0
1.2333333333333334,1,1255.5897,0,0.0,1,47.7697,1,42.593,0,0.0
1.25,1,1256.3831,0,0.0,1,47.8702,1,43.2711,0,0.0
1.2666666666666666,1,1257.1941,0,0.0,1,48.1635,1,43.6793,0,0.0
1.2833333333333334,1,1257.2432,0,0.0,1,47.9299,1,42.7459,0,0.0
1.3,1,1257.9714,0,0.0,1,48.8236,1,40.585,0,0.0
1.3166666666666667,1,1256.9526,0,0.0,1,47.7749,1,39.4562,0,0.0
1.3333333333333333,1,1254.3813,0,0.0,1,47.9068,1,40.5998,0,0.0
1.35,1,1254.9031,0,0.0,1,48.3728,1,40.2361,0,0.0
1.3666666666666667,1,1256.9934,0,0.0,1,48.1704,1,39.1624,0,0.0
1.3833333333333333,1,1257.881,0,0.0,1,48.2236,1,39.7039,0,0.0
1.4,1,1258.6486,0,0.0,1,48.4314,1,53.8978,0,0.0
1.4166666666666667,1,1258.7347,0,0.0,1,48.1934,1,45.5858,0,0.0
1.4333333333333333,1,1258.4888,0,0.0,1,48.2316,1,43.346,0,0.0
1.45,1,1256.915,0,0.0,1,48.2926,1,42.8735,0,0.0
1.4666666666666666,1,1254.4497,0,0.0,1,48.2241,1,50.6709,0,0.0
1.4833333333333334,1,1254.9697,0,0.0,1,47.4243,1,53.6422,0,0.0
1.5,1,1253.8125,0,0.0,1,48.391,1,47.3141,0,0.0
1.5166666666666666,1,1254.3899,0,0.0,1,48.1392,1,45.2877,0,0.0
1.5333333333333334,1,1254.7026,0,0.0,1,48.6412,1,43.3351,0,0.0
1.55,1,1255.3049,0,0.0,1,47.7996,1,38.7247,0,0.0
1.5666666666666667,1,1260.4592,0,0.0,1,48.3451,1,39.0521,0,0.0
1.5833333333333333,1,1260.2068,0,0.0,1,48.529,1,42.201,0,0.0
1.6,1,1259.8583,0,0.0,1,47.8916,1,40.2221,0,0.0
1.6166666666666667,1,1260.2067,0,0.0,1,48.139,1,41.0549,0,0.0
1.6333333333333333,1,1260.0992,0,0.0,1,48.6018,1,39.3876,0,0.0
1.65,1,1259.2836,0,0.0,1,47.8403,1,40.024,0,0.0
1.6666666666666667,1,1260.5723,0,0.0,1,48.301,1,41.7048,0,0.0
1.6833333333333333,1,1260.9066,0,0.0,1,48.2367,1,39.7046,0,0.0
1.7,1,1261.0764,0,0.0,1,48.0564,1,39.6784,0,0.0
1.7166666666666666,1,1260.499,0,0.0,1,48.5814,1,38.9598,0,0.0
1.7333333333333334,1,1260.8545,0,0.0,1,48.7814,1,38.7854,0,0.0
1.75,1,1260.4796,0,0.0,1,47.4391,1,38.2565,0,0.0
1.7666666666666666,1,1259.8385,0,0.0,1,48.3252,1,39.2546,0,0.0
1.7833333333333334,1,1257.7452,0,0.0,0,0.0,1,37.9828,0,0.0
1.8,1,1258.5864,0,0.0,0,0.0,1,39.1653,0,0.0
1.8166666666666667,1,1259.5544,0,0.0,0,0.0,1,38.6192,0,0.0
1.8333333333333333,1,1260.6522,0,0.0,0,0.0,1,38.1988,0,0.0
1.85,1,1259.7628,0,0.0,0,0.0,1,38.8575,0,0.0
1.8666666666666667,1,1260.9086,0,0.0,0,0.0,1,39.096,0,0.0
1.8833333333333333,1,1260.7429,0,0.0,0,0.0,1,38.417,0,0.0
1.9,1,1259.3386,0,0.0,0,0.0,1,41.6765,0,0.0
1.9166666666666667,1,1258.8783,0,0.0,0,0.0,1,54.8911,0,0.0
1.9333333333333333,1,1258.8826,0,0.0,0,0.0,1,45.4215,0,0.0
1.95,1,1258.8062,0,0.0,0,0.0,1,40.4908,0,0.0
1.9666666666666666,1,1258.3271,0,0.0,0,0.0,1,39.7637,0,0.0
1.9833333333333334,1,1259.0969,0,0.0,0,0.0,1,42.1672,0,0.0
2.0,1,1260.3578,0,0.0,0,0.0,1,45.0868,0,0.0
2.0166666666666666,1,1260.2178,0,0.0,0,0.0,1,43.907,0,0.0
2.033333333333333,1,1260.136,0,0.0,0,0.0,1,45.0874,0,0.0
2.05,1,1260.2512,0,0.0,0,0.0,1,41.8798,0,0.0
2.066666666666667,1,1251.9734,0,0.0,0,0.0,1,39.1625,0,0.0
2.0833333333333335,1,1252.5693,0,0.0,0,0.0,1,39.1583,0,0.0
2.1,1,1253.7495,0,0.0,0,0.0,1,41.5372,0,0.0
2.1166666666666667,1,1254.9109,0,0.0,0,0.0,1,38.1433,0,0.0
2.1333333333333333,1,1255.2952,0,0.0,0,0.0,1,38.0233,0,0.0
2.15,1,1255.8942,0,0.0,0,0.0,1,38.0279,0,0.0
2.1666666666666665,1,1255.278,0,0.0,0,0.0,1,40.7962,0,0.0
2.183333333333333,1,1252.9464,0,0.0,0,0.0,1,40.7643,0,0.0
2.2,1,1253.7689,0,0.0,0,0.0,1,38.8887,0,0.0
2.216666666666667,1,1254.1786,0,0.0,0,0.0,1,39.7723,0,0.0
2.2333333333333334,1,1254.9353,0,0.0,0,0.0,1,42.6423,0,0.0
2.25,1,1255.3022,0,0.0,0,0.0,1,42.8438,0,0.0
2.2666666666666666,1,1255.1385,0,0.0,0,0.0,1,41.9854,0,0.0
2.283333333333333,1,1253.4204,0,0.0,0,0.0,1,46.241,0,0.0
2.3,1,1253.8524,0,0.0,0,0.0,1,41.0458,0,0.0
2.316666666666667,1,1254.9911,0,0.0,0,0.0,1,48.2764,0,0.0
2.3333333333333335,1,1256.2969,0,0.0,0,0.0,1,42.6604,0,0.0
2.35,1,1255.9388,0,0.0,0,0.0,1,40.2536,0,0.0
2.3666666666666667,1,1255.4489,0,0.0,0,0.0,1,39.5933,0,0.0
2.3833333333333333,1,1256.2842,0,0.0,0,0.0,1,39.9596,0,0.0
2.4,1,1255.3485,0,0.0,0,0.0,1,39.219,0,0.0
2.4166666666666665,1,1253.1191,0,0.0,0,0.0,1,38.298,0,0.0
2.433333333333333,1,1254.6846,0,0.0,0,0.0,1,43.8561,0,0.0
2.45,1,1256.6858,0,0.0,0,0.0,1,40.7072,0,0.0
2.466666666666667,1,1259.2672,0,0.0,0,0.0,1,39.5227,0,0.0
2.4833333333333334,1,1259.0336,0,0.0,0,0.0,1,42.2533,0,0.0
2.5,1,1257.3732,0,0.0,0,0.0,1,39.8994,0,0.0
2.5166666666666666,1,1256.5946,0,0.0,0,0.0,1,38.8491,0,0.0
2.533333333333333,1,1257.0129,0,0.0,0,0.0,1,39.0386,0,0.0
2.55,1,1259.0177,0,0.0,0,0.0,1,39.7378,0,0.0
2.566666666666667,1,1258.666,0,0.0,0,0.0,1,38.6527,0,0.0
2.5833333333333335,1,1257.795,0,0.0,0,0.0,1,40.517,0,0.0
2.6,1,1258.2109,0,0.0,0,0.0,1,38.4759,0,0.0
2.6166666666666667,1,1258.9534,0,0.0,0,0.0,1,38.8289,0,0.0
2.6333333333333333,1,1258.0258,0,0.0,0,0.0,1,38.0077,0,0.0
2.65,1,1262.7008,0,0.0,0,0.0,1,40.6708,0,0.0
2.6666666666666665,1,1259.8801,0,0.0,0,0.0,1,38.9324,0,0.0
2.683333333333333,1,1259.723,0,0.0,0,0.0,1,39.3394,0,0.0
2.7,1,1259.5751,0,0.0,0,0.0,1,39.0511,0,0.0
2.716666666666667,1,1259.2651,0,0.0,0,0.0,1,38.0398,0,0.0
2.7333333333333334,1,1258.1769,0,0.0,0,0.0,1,39.3721,0,0.0
2.75,1,1256.39,0,0.0,0,0.0,1,39.806,0,0.0
2.7666666666666666,1,1254.3718,0,0.0,0,0.0,1,39.961,0,0.0
2.783333333333333,1,1259.7914,0,0.0,0,0.0,1,38.3454,0,0.0
2.8,1,1259.8865,0,0.0,0,0.0,1,51.5561,0,0.0
2.816666666666667,1,1259.7233,0,0.0,0,0.0,1,45.1463,0,0.0
2.8333333333333335,1,1260.4302,0,0.0,0,0.0,1,42.7586,0,0.0
2.85,1,1260.333,0,0.0,0,0.0,1,39.7675,0,0.0
2.8666666666666667,1,1258.5446,0,0.0,0,0.0,1,37.6224,0,0.0
2.8833333333333333,1,1258.3595,0,0.0,0,0.0,1,38.485,0,0.0
2.9,1,1258.665,0,0.0,0,0.0,1,38.8384,0,0.0
2.9166666666666665,1,1259.1025,0,0.0,0,0.0,1,38.9443,0,0.0
2.933333333333333,1,1259.9001,0,0.0,0,0.0,1,39.3309,0,0.0
2.95,1,1261.2706,0,0.0,0,0.0,1,41.149,0,0.0
2.966666666666667,1,1259.7212,0,0.0,0,0.0,1,46.6119,0,0.0
2.9833333333333334,1,1256.2164,0,0.0,0,0.0,1,40.2245,0,0.0
3.0,1,1256.6023,0,0.0,0,0.0,1,41.0384,0,0.0
3.0166666666666666,1,1256.3405,0,0.0,0,0.0,1,46.3673,0,0.0
3.033333333333333,1,1257.0487,0,0.0,0,0.0,1,41.8365,0,0.0
3.05,1,1257.4067,0,0.0,0,0.0,1,46.526,0,0.0
3.066666666666667,1,1259.1404,0,0.0,0,0.0,1,42.2008,0,0.0
3.0833333333333335,1,1259.5464,0,0.0,0,0.0,1,39.7166,0,0.0
3.1,1,1259.3683,0,0.0,0,0.0,1,39.5219,0,0.0
3.1166666666666667,1,1257.5662,0,0.0,0,0.0,1,38.7047,0,0.0
3.1333333333333333,1,1256.8834,0,0.0,0,0.0,1,38.835,0,0.0
3.15,1,1258.2554,0,0.0,0,0.0,1,38.7147,0,0.0
3.1666666666666665,1,1259.5909,0,0.0,0,0.0,1,39.0279,0,0.0
3.183333333333333,1,1259.4703,0,0.0,0,0.0,1,38.8376,0,0.0
3.2,1,1258.9124,0,0.0,0,0.0,1,38.1283,0,0.0
3.216666666666667,1,1260.1033,0,0.0,0,0.0,1,38.0711,0,0.0
3.2333333333333334,1,1259.1404,0,0.0,0,0.0,1,39.0126,0,0.0
3.25,1,1258.1051,0,0.0,0,0.0,1,45.3979,0,0.0
3.2666666666666666,1,1258.5983,0,0.0,0,0.0,1,43.9363,0,0.0
3.283333333333333,1,1258.6058,0,0.0,0,0.0,1,46.4397,0,0.0
3.3,1,1258.4012,0,0.0,0,0.0,1,45.6023,0,0.0
3.316666666666667,1,1259.0586,0,0.0,0,0.0,1,48.2159,0,0.0
3.3333333333333335,1,1259.6479,0,0.0,0,0.0,1,44.7188,0,0.0
3.35,1,1259.0212,0,0.0,0,0.0,1,46.1566,0,0.0
3.3666666666666667,1,1258.4869,0,0.0,0,0.0,1,42.256,0,0.0
3.3833333333333333,1,1259.5878,0,0.0,0,0.0,1,38.753,0,0.0
3.4,1,1259.3057,0,0.0,0,0.0,1,38.6431,0,0.0
3.4166666666666665,1,1258.9135,0,0.0,0,0.0,1,46.9402,0,0.0
3.433333333333333,1,1259.8046,0,0.0,0,0.0,1,42.1325,0,0.0
3.45,1,1259.8602,0,0.0,0,0.0,1,54.3077,0,0.0
3.466666666666667,1,1260.0852,0,0.0,0,0.0,1,60.583,0,0.0
3.4833333333333334,1,1260.4604,0,0.0,0,0.0,1,60.7342,0,0.0
3.5,1,1258.4728,0,0.0,0,0.0,1,61.1255,0,0.0
3.5166666666666666,1,1257.8536,0,0.0,0,0.0,1,57.0807,0,0.0
3.533333333333333,1,1258.5896,0,0.0,0,0.0,1,58.4601,0,0.0
3.55,1,1259.3993,0,0.0,0,0.0,1,59.7497,0,0.0
3.566666666666667,1,1257.0906,0,0.0,0,0.0,1,57.6438,0,0.0
3.5833333333333335,1,1257.3264,0,0.0,0,0.0,1,60.8886,0,0.0
3.6,1,1255.9283,0,0.0,0,0.0,1,57.6042,0,0.0
3.6166666666666667,1,1254.7788,0,0.0,0,0.0,1,56.8248,0,0.0
3.6333333333333333,1,1253.189,0,0.0,0,0.0,1,56.7326,0,0.0
3.65,1,1256.7112,0,0.0,0,0.0,1,51.7616,0,0.0
3.6666666666666665,1,1257.223,0,0.0,0,0.0,1,41.7456,0,0.0
3.683333333333333,1,1256.6913,0,0.0,0,0.0,1,43.5942,0,0.0
3.7,1,1257.2048,0,0.0,0,0.0,1,41.769,0,0.0
3.716666666666667,1,1257.7294,0,0.0,0,0.0,1,39.1626,0,0.0
3.7333333333333334,1,1256.6176,0,0.0,0,0.0,1,39.4214,0,0.0
3.75,1,1254.9059,0,0.0,0,0.0,1,39.4927,0,0.0
3.7666666666666666,1,1255.2185,0,0.0,0,0.0,1,39.8048,0,0.0
3.783333333333333,1,1255.2457,0,0.0,0,0.0,1,39.7139,0,0.0
3.8,1,1255.751,0,0.0,0,0.0,1,40.214,0,0.0
3.816666666666667,1,1257.5287,0,0.0,0,0.0,1,40.0605,0,0.0
3.8333333333333335,1,1257.5604,0,0.0,0,0.0,1,39.0403,0,0.0
3.85,1,1257.5355,0,0.0,0,0.0,1,39.8039,0,0.0
3.8666666666666667,1,1256.4487,0,0.0,0,0.0,1,41.4579,0,0.0
3.8833333333333333,1,1257.647,0,0.0,0,0.0,1,43.3724,0,0.0
3.9,1,1255.0919,0,0.0,0,0.0,1,41.2623,0,0.0
3.9166666666666665,1,1254.1615,0,0.0,0,0.0,1,42.0845,0,0.0
3.933333333333333,1,1254.7422,0,0.0,0,0.0,1,39.9497,0,0.0
3.95,1,1257.3424,0,0.0,0,0.0,1,38.1909,0,0.0
3.966666666666667,1,1259.3561,0,0.0,0,0.0,1,39.2447,0,0.0
3.9833333333333334,1,1259.886,0,0.0,0,0.0,1,39.2659,0,0.0
4.0,1,1258.337,0,0.0,0,0.0,1,40.3204,0,0.0
4.016666666666667,1,1256.9062,0,0.0,0,0.0,1,39.6799,0,0.0
4.033333333333333,1,1255.5027,0,0.0,0,0.0,1,40.7931,0,0.0
4.05,1,1256.4987,0,0.0,0,0.0,1,40.753,0,0.0
4.066666666666666,1,1259.6525,0,0.0,0,0.0,1,43.8056,0,0.0
4.083333333333333,1,1259.7056,0,0.0,0,0.0,1,42.004,0,0.0
4.1,1,1258.7894,0,0.0,0,0.0,1,39.0554,0,0.0
4.116666666666666,1,1258.0012,0,0.0,0,0.0,1,38.4893,0,0.0
4.133333333333334,1,1257.4978,0,0.0,0,0.0,1,38.669,0,0.0
4.15,1,1257.9283,0,0.0,0,0.0,1,38.5693,0,0.0
4.166666666666667,1,1259.2241,0,0.0,0,0.0,1,38.6334,0,0.0
4.183333333333334,1,1259.8136,0,0.0,0,0.0,1,39.2856,0,0.0
4.2,1,1259.4705,0,0.0,0,0.0,1,38.4817,0,0.0
4.216666666666667,1,1259.3561,0,0.0,0,0.0,1,38.3684,0,0.0
4.233333333333333,1,1257.6826,0,0.0,0,0.0,1,39.6396,0,0.0
4.25,1,1257.7135,0,0.0,0,0.0,1,40.0242,0,0.0
4.266666666666667,1,1258.3351,0,0.0,0,0.0,1,43.7993,0,0.0
4.283333333333333,1,1259.7078,0,0.0,0,0.0,1,43.0915,0,0.0
4.3,1,1259.24,0,0.0,0,0.0,1,42.3496,0,0.0
4.316666666666666,1,1258.8633,0,0.0,0,0.0,1,42.2451,0,0.0
4.333333333333333,1,1259.3783,0,0.0,0,0.0,1,40.8322,0,0.0
4.35,1,1256.1356,0,0.0,0,0.0,1,38.5885,0,0.0
4.366666666666666,1,1255.4342,0,0.0,0,0.0,1,39.2111,0,0.0
4.383333333333334,1,1257.2834,0,0.0,0,0.0,1,38.7736,0,0.0
4.4,1,1259.8557,0,0.0,0,0.0,1,42.6782,0,0.0
4.416666666666667,1,1259.6992,0,0.0,0,0.0,1,39.8012,0,0.0
4.433333333333334,1,1259.3953,0,0.0,0,0.0,1,41.4298,0,0.0
4.45,1,1259.4507,0,0.0,0,0.0,1,40.3467,0,0.0
4.466666666666667,1,1257.6218,0,0.0,0,0.0,1,40.2553,0,0.0
4.483333333333333,1,1254.1127,0,0.0,0,0.0,1,45.1575,0,0.0
4.5,1,1257.5596,0,0.0,0,0.0,1,42.8865,0,0.0
4.516666666666667,1,1260.3961,0,0.0,0,0.0,1,42.2451,0,0.0
4.533333333333333,1,1260.0634,0,0.0,0,0.0,1,44.6549,0,0.0
4.55,1,1259.4449,0,0.0,0,0.0,1,44.7455,0,0.0
4.566666666666666,1,1258.3853,0,0.0,0,0.0,1,44.6611,0,0.0
4.583333333333333,1,1259.9749,0,0.0,0,0.0,1,45.5666,0,0.0
4.6,1,1260.1061,0,0.0,0,0.0,1,45.5631,0,0.0
4.616666666666666,1,1259.908,0,0.0,0,0.0,1,49.6697,0,0.0
4.633333333333334,1,1258.8657,0,0.0,0,0.0,1,48.5723,0,0.0
4.65,1,1257.1891,0,0.0,0,0.0,1,47.6902,0,0.0
4.666666666666667,1,1255.7496,0,0.0,0,0.0,1,49.2649,0,0.0
4.683333333333334,1,1258.0317,0,0.0,0,0.0,1,53.7188,0,0.0
4.7,1,1259.4413,0,0.0,0,0.0,1,52.615,0,0.0
4.716666666666667,1,1258.584,0,0.0,0,0.0,1,50.5415,0,0.0
4.733333333333333,1,1259.1013,0,0.0,0,0.0,1,49.1839,0,0.0
4.75,1,1259.0494,0,0.0,0,0.0,1,48.9897,0,0.0
4.766666666666667,1,1257.0255,0,0.0,0,0.0,1,47.8318,0,0.0
4.783333333333333,1,1254.8214,0,0.0,0,0.0,1,45.9476,0,0.0
4.8,1,1256.0316,0,0.0,0,0.0,1,42.7175,0,0.0
4.816666666666666,1,1259.043,0,0.0,0,0.0,1,43.6347,0,0.0
4.833333333333333,1,1259.4978,0,0.0,0,0.0,1,39.2067,0,0.0
4.85,1,1259.1562,0,0.0,0,0.0,1,39.2266,0,0.0
4.866666666666666,1,1258.9775,0,0.0,0,0.0,1,40.9325,0,0.0
4.883333333333334,1,1257.2817,0,0.0,0,0.0,1,39.9892,0,0.0
4.9,1,1255.683,0,0.0,0,0.0,1,42.2834,0,0.0
4.916666666666667,1,1255.879,0,0.0,0,0.0,1,52.6653,0,0.0
4.933333333333334,1,1258.6342,0,0.0,0,0.0,1,50.1877,0,0.0
4.95,1,1259.0164,0,0.0,0,0.0,1,60.4761,0,0.0
4.966666666666667,1,1259.1918,0,0.0,0,0.0,1,49.6231,0,0.0
4.983333333333333,1,1259.0413,0,0.0,0,0.0,1,48.9788,0,0.0
5.0,1,1258.8202,0,0.0,0,0.0,1,46.2333,0,0.0
5.016666666666667,1,1258.6704,0,0.0,0,0.0,1,46.201,0,0.0
5.033333333333333,1,1258.205,0,0.0,0,0.0,1,42.3318,0,0.0
5.05,1,1258.3361,0,0.0,0,0.0,1,51.8566,0,0.0
5.066666666666666,1,1256.5128,0,0.0,0,0.0,1,44.0558,0,0.0
5.083333333333333,1,1256.2897,0,0.0,0,0.0,1,42.1678,0,0.0
5.1,1,1257.7172,0,0.0,0,0.0,1,46.4759,0,0.0
5.116666666666666,1,1259.4441,0,0.0,0,0.0,1,46.3426,0,0.0
5.133333333333334,1,1259.7712,0,0.0,0,0.0,1,53.5975,0,0.0
5.15,1,1259.9084,0,0.0,0,0.0,1,44.7993,0,0.0
5.166666666666667,1,1257.8834,0,0.0,0,0.0,1,43.6231,0,0.0
5.183333333333334,1,1256.0928,0,0.0,0,0.0,1,39.0425,0,0.0
5.2,1,1257.0443,0,0.0,0,0.0,1,40.0616,0,0.0
5.216666666666667,1,1259.0714,0,0.0,0,0.0,1,38.9522,0,0.0
5.233333333333333,1,1258.764,0,0.0,0,0.0,1,38.9206,0,0.0
5.25,1,1259.5166,0,0.0,0,0.0,1,46.4435,0,0.0
5.266666666666667,1,1258.6892,0,0.0,0,0.0,1,48.8065,0,0.0
5.283333333333333,1,1255.6746,0,0.0,0,0.0,1,43.4497,0,0.0
5.3,1,1255.4186,0,0.0,0,0.0,1,40.2905,0,0.0
5.316666666666666,1,1258.1569,0,0.0,0,0.0,1,41.6762,0,0.0
5.333333333333333,1,1258.8951,0,0.0,0,0.0,1,39.986,0,0.0
5.35,1,1259.2716,0,0.0,0,0.0,1,38.8776,0,0.0
5.366666666666666,1,1259.4459,0,0.0,0,0.0,1,39.5778,0,0.0
5.383333333333334,1,1259.6254,0,0.0,0,0.0,1,38.0631,0,0.0
5.4,1,1257.329,0,0.0,0,0.0,1,40.8382,0,0.0
5.416666666666667,1,1255.8302,0,0.0,0,0.0,1,38.9495,0,0.0
5.433333333333334,1,1256.4276,0,0.0,0,0.0,1,39.164,0,0.0
5.45,1,1259.0242,0,0.0,0,0.0,1,38.7106,0,0.0
5.466666666666667,1,1259.4858,0,0.0,0,0.0,1,38.4943,0,0.0
5.483333333333333,1,1256.9327,0,0.0,0,0.0,1,40.2458,0,0.0
5.5,1,1256.3097,0,0.0,0,0.0,1,40.8807,0,0.0
5.516666666666667,1,1256.1573,0,0.0,0,0.0,1,40.3996,0,0.0
5.533333333333333,1,1253.5125,0,0.0,0,0.0,1,38.2482,0,0.0
5.55,1,1252.8872,0,0.0,0,0.0,1,39.6114,0,0.0
5.566666666666666,1,1258.3105,0,0.0,0,0.0,1,40.7397,0,0.0
5.583333333333333,1,1258.6232,0,0.0,0,0.0,1,40.4338,0,0.0
5.6,1,1259.043,0,0.0,0,0.0,1,40.6435,0,0.0
5.616666666666666,1,1258.9165,0,0.0,0,0.0,1,41.0605,0,0.0
5.633333333333334,1,1259.58,0,0.0,0,0.0,1,43.5742,0,0.0
5.65,1,1259.4312,0,0.0,0,0.0,1,43.3152,0,0.0
5.666666666666667,1,1258.551,0,0.0,0,0.0,1,42.2832,0,0.0
5.683333333333334,1,1257.3901,0,0.0,0,0.0,1,43.645,0,0.0
5.7,1,1257.7446,0,0.0,0,0.0,1,42.8674,0,0.0
5.716666666666667,1,1255.8724,0,0.0,0,0.0,1,40.7748,0,0.0
5.733333333333333,1,1256.446,0,0.0,0,0.0,1,39.0442,0,0.0
5.75,1,1258.2063,0,0.0,0,0.0,1,40.9535,0,0.0
5.766666666666667,1,1258.7693,0,0.0,0,0.0,1,51.4614,0,0.0
5.783333333333333,1,1258.2688,0,0.0,0,0.0,1,42.4384,0,0.0
5.8,1,1258.1643,0,0.0,0,0.0,1,40.134,0,0.0
5.816666666666666,1,1256.3251,0,0.0,0,0.0,1,49.2828,0,0.0
5.833333333333333,1,1255.3781,0,0.0,0,0.0,1,50.4978,0,0.0
5.85,1,1255.397,0,0.0,0,0.0,1,48.1246,0,0.0
5.866666666666666,1,1258.0208,0,0.0,0,0.0,1,45.118,0,0.0
5.883333333333334,1,1258.4467,0,0.0,0,0.0,1,44.1471,0,0.0
5.9,1,1258.545,0,0.0,0,0.0,1,41.3116,0,0.0
5.916666666666667,1,1257.7905,0,0.0,0,0.0,1,39.4325,0,0.0
5.933333333333334,1,1257.9436,0,0.0,0,0.0,1,45.3452,0,0.0
5.95,1,1258.5715,0,0.0,0,0.0,1,47.4662,0,0.0
5.966666666666667,1,1258.0614,0,0.0,0,0.0,1,45.9716,0,0.0
5.983333333333333,1,1258.5315,0,0.0,0,0.0,1,49.4439,0,0.0
6.0,1,1258.8506,0,0.0,0,0.0,1,57.1357,0,0.0
6.016666666666667,1,1258.4651,0,0.0,0,0.0,1,44.5371,0,0.0
6.033333333333333,1,1255.432,0,0.0,0,0.0,1,41.9086,0,0.0
6.05,1,1256.1313,0,0.0,0,0.0,1,40.5837,0,0.0
6.066666666666666,1,1254.3284,0,0.0,0,0.0,1,39.9044,0,0.0
6.083333333333333,1,1256.1158,0,0.0,0,0.0,1,43.2887,0,0.0
6.1,1,1257.0464,0,0.0,0,0.0,1,40.9215,0,0.0
6.116666666666666,1,1257.1111,0,0.0,0,0.0,1,44.7794,0,0.0
6.133333333333334,1,1256.4464,0,0.0,0,0.0,1,55.8129,0,0.0
6.15,1,1256.2157,0,0.0,0,0.0,1,44.4638,0,0.0
6.166666666666667,1,1255.887,0,0.0,0,0.0,1,41.6393,0,0.0
6.183333333333334,1,1256.6239,0,0.0,0,0.0,1,43.8946,0,0.0
6.2,1,1256.1818,0,0.0,0,0.0,1,55.8368,0,0.0
6.216666666666667,1,1257.0333,0,0.0,0,0.0,1,44.6387,0,0.0
6.233333333333333,1,1257.6052,0,0.0,0,0.0,1,44.2496,0,0.0
6.25,1,1258.2543,0,0.0,0,0.0,1,43.3113,0,0.0
6.266666666666667,1,1257.2262,0,0.0,0,0.0,1,38.4514,0,0.0
6.283333333333333,1,1255.9193,0,0.0,0,0.0,1,39.5068,0,0.0
6.3,1,1256.2837,0,0.0,0,0.0,1,38.9938,0,0.0
6.316666666666666,1,1257.2102,0,0.0,0,0.0,1,41.5046,0,0.0
6.333333333333333,1,1256.403,0,0.0,0,0.0,1,41.2666,0,0.0
6.35,1,1256.5225,0,0.0,0,0.0,1,42.3901,0,0.0
6.366666666666666,1,1257.4984,0,0.0,0,0.0,1,42.0803,0,0.0
6.383333333333334,1,1259.8745,0,0.0,0,0.0,1,39.3869,0,0.0
6.4,1,1259.3208,0,0.0,0,0.0,1,58.9597,0,0.0
6.416666666666667,1,1259.7837,0,0.0,0,0.0,1,44.39,0,0.0
6.433333333333334,1,1260.0758,0,0.0,0,0.0,1,40.5341,0,0.0
6.45,1,1260.0087,0,0.0,0,0.0,1,43.2344,0,0.0
6.466666666666667,1,1260.3622,0,0.0,0,0.0,1,41.5441,0,0.0
6.483333333333333,1,1260.5883,0,0.0,0,0.0,1,48.4236,0,0.0
6.5,1,1261.4075,0,0.0,0,0.0,1,44.7016,0,0.0
6.516666666666667,1,1259.824,0,0.0,0,0.0,1,42.4351,0,0.0
6.533333333333333,1,1258.394,0,0.0,0,0.0,1,39.6238,0,0.0
6.55,1,1258.8774,0,0.0,0,0.0,1,37.236,0,0.0
6.566666666666666,1,1256.9451,0,0.0,0,0.0,1,39.2558,0,0.0
6.583333333333333,1,1258.0193,0,0.0,0,0.0,1,40.3128,0,0.0
6.6,1,1257.9321,0,0.0,0,0.0,1,37.6691,0,0.0
6.616666666666666,1,1258.4604,0,0.0,0,0.0,1,41.0966,0,0.0
6.633333333333334,1,1257.4158,0,0.0,0,0.0,1,40.544,0,0.0
6.65,1,1257.4647,0,0.0,0,0.0,1,37.3833,0,0.0
6.666666666666667,1,1254.8793,0,0.0,0,0.0,1,38.9711,0,0.0
6.683333333333334,1,1254.5896,0,0.0,0,0.0,1,37.8282,0,0.0
6.7,1,1256.2472,0,0.0,0,0.0,1,61.7561,0,0.0
6.716666666666667,1,1258.278,0,0.0,0,0.0,1,69.7447,0,0.0
6.733333333333333,1,1258.2158,0,0.0,0,0.0,1,73.2665,0,0.0
6.75,1,1257.6453,0,0.0,0,0.0,1,50.3623,0,0.0
6.766666666666667,1,1257.8625,0,0.0,0,0.0,1,42.88,0,0.0
6.783333333333333,1,1258.0026,0,0.0,0,0.0,1,38.8713,0,0.0
6.8,1,1257.6655,0,0.0,0,0.0,1,39.3269,0,0.0
6.816666666666666,1,1257.63,0,0.0,0,0.0,1,37.4621,0,0.0
6.833333333333333,1,1256.386,0,0.0,0,0.0,1,39.4261,0,0.0
6.85,0,0.0,0,0.0,0,0.0,1,43.3506,0,0.0
6.866666666666666,0,0.0,0,0.0,0,0.0,1,47.9559,0,0.0
6.883333333333334,0,0.0,0,0.0,0,0.0,1,47.2264,0,0.0
6.9,0,0.0,0,0.0,0,0.0,1,44.1146,0,0.0
6.916666666666667,0,0.0,0,0.0,0,0.0,1,41.8506,0,0.0
6.933333333333334,0,0.0,0,0.0,0,0.0,1,40.4782,0,0.0
6.95,0,0.0,0,0.0,0,0.0,1,39.4955,0,0.0
6.966666666666667,0,0.0,0,0.0,0,0.0,1,40.0904,0,0.0
6.983333333333333,0,0.0,0,0.0,0,0.0,1,41.6192,0,0.0
7.0,0,0.0,0,0.0,0,0.0,1,44.4255,0,0.0
7.016666666666667,0,0.0,0,0.0,0,0.0,1,45.4649,0,0.0
7.033333333333333,0,0.0,0,0.0,0,0.0,1,44.1239,0,0.0
7.05,0,0.0,0,0.0,0,0.0,1,40.0917,0,0.0
7.066666666666666,0,0.0,0,0.0,0,0.0,1,38.6011,0,0.0
7.083333333333333,0,0.0,0,0.0,0,0.0,1,40.677,0,0.0
7.1,0,0.0,0,0.0,0,0.0,1,38.5685,0,0.0
7.116666666666666,0,0.0,0,0.0,0,0.0,1,38.2389,0,0.0
7.133333333333334,0,0.0,0,0.0,0,0.0,1,40.92,0,0.0
7.15,0,0.0,0,0.0,0,0.0,1,43.3829,0,0.0
7.166666666666667,0,0.0,0,0.0,0,0.0,1,38.8082,0,0.0
7.183333333333334,0,0.0,0,0.0,0,0.0,1,40.2852,0,0.0
7.2,0,0.0,0,0.0,0,0.0,1,38.3272,0,0.0
7.216666666666667,0,0.0,0,0.0,0,0.0,1,38.7456,0,0.0
7.233333333333333,0,0.0,0,0.0,0,0.0,1,38.1872,0,0.0
7.25,0,0.0,0,0.0,0,0.0,1,40.1777,0,0.0
7.266666666666667,0,0.0,0,0.0,0,0.0,1,41.9649,0,0.0
7.283333333333333,0,0.0,0,0.0,0,0.0,1,39.3273,0,0.0
7.3,0,0.0,0,0.0,0,0.0,1,37.9593,0,0.0
7.316666666666666,0,0.0,0,0.0,0,0.0,1,38.7077,0,0.0
7.333333333333333,0,0.0,0,0.0,0,0.0,1,38.3565,0,0.0
7.35,0,0.0,0,0.0,0,0.0,1,38.4023,0,0.0
7.366666666666666,0,0.0,0,0.0,0,0.0,1,38.0092,0,0.0
7.383333333333334,0,0.0,0,0.0,0,0.0,1,37.2376,0,0.0
7.4,0,0.0,0,0.0,0,0.0,1,38.7997,0,0.0
7.416666666666667,0,0.0,0,0.0,0,0.0,1,39.3455,0,0.0
7.433333333333334,0,0.0,0,0.0,0,0.0,1,40.3896,0,0.0
7.45,0,0.0,0,0.0,0,0.0,1,40.7702,0,0.0
7.466666666666667,0,0.0,0,0.0,0,0.0,1,39.4146,0,0.0
7.483333333333333,0,0.0,0,0.0,0,0.0,1,38.8259,0,0.0
7.5,0,0.0,0,0.0,0,0.0,1,37.4275,0,0.0
7.516666666666667,0,0.0,0,0.0,0,0.0,1,41.6538,0,0.0
7.533333333333333,0,0.0,0,0.0,0,0.0,1,38.2758,0,0.0
7.55,0,0.0,0,0.0,0,0.0,1,38.6492,0,0.0
7.566666666666666,0,0.0,0,0.0,0,0.0,1,38.4084,0,0.0
7.583333333333333,0,0.0,0,0.0,0,0.0,1,37.8597,0,0.0
7.6,0,0.0,0,0.0,0,0.0,1,39.6075,0,0.0
7.616666666666666,0,0.0,0,0.0,0,0.0,1,38.5689,0,0.0
7.633333333333334,0,0.0,0,0.0,0,0.0,1,39.1855,0,0.0
7.65,0,0.0,0,0.0,0,0.0,1,37.7816,0,0.0
7.666666666666667,0,0.0,0,0.0,0,0.0,1,38.7929,0,0.0
7.683333333333334,0,0.0,0,0.0,0,0.0,1,41.0199,0,0.0
7.7,0,0.0,0,0.0,0,0.0,1,44.285,0,0.0
7.716666666666667,0,0.0,0,0.0,0,0.0,1,47.4782,0,0.0
7.733333333333333,0,0.0,0,0.0,0,0.0,1,49.1519,0,0.0
7.75,0,0.0,0,0.0,0,0.0,1,47.3085,0,0.0
7.766666666666667,0,0.0,0,0.0,0,0.0,1,44.7598,0,0.0
7.783333333333333,0,0.0,0,0.0,0,0.0,1,39.6987,0,0.0
7.8,0,0.0,0,0.0,0,0.0,1,37.6814,0,0.0
7.816666666666666,0,0.0,0,0.0,0,0.0,1,38.4058,0,0.0
7.833333333333333,0,0.0,0,0.0,0,0.0,1,39.1014,0,0.0
7.85,0,0.0,0,0.0,0,0.0,1,38.2802,0,0.0
7.866666666666666,0,0.0,0,0.0,0,0.0,1,38.8125,0,0.0
7.883333333333334,0,0.0,0,0.0,0,0.0,1,38.6709,0,0.0
7.9,0,0.0,0,0.0,0,0.0,1,40.8267,0,0.0
7.916666666666667,0,0.0,0,0.0,0,0.0,1,43.674,0,0.0
7.933333333333334,0,0.0,0,0.0,0,0.0,1,38.9284,0,0.0
7.95,0,0.0,0,0.0,0,0.0,1,37.7409,0,0.0
7.966666666666667,0,0.0,0,0.0,0,0.0,1,37.96,0,0.0
7.983333333333333,0,0.0,0,0.0,0,0.0,1,38.3846,0,0.0
8.0,0,0.0,0,0.0,0,0.0,1,37.7574,0,0.0
8.016666666666667,0,0.0,0,0.0,0,0.0,1,43.2877,0,0.0
8.033333333333333,0,0.0,0,0.0,0,0.0,1,38.5247,0,0.0
8.05,0,0.0,0,0.0,0,0.0,1,38.7813,0,0.0
8.066666666666666,0,0.0,0,0.0,0,0.0,1,40.9979,0,0.0
8.083333333333334,0,0.0,0,0.0,0,0.0,1,42.7561,0,0.0
8.1,0,0.0,0,0.0,0,0.0,1,39.4135,0,0.0
8.116666666666667,0,0.0,0,0.0,0,0.0,1,38.7258,0,0.0
8.133333333333333,0,0.0,0,0.0,0,0.0,1,37.6055,0,0.0
8.15,0,0.0,0,0.0,0,0.0,1,37.1594,0,0.0
8.166666666666666,0,0.0,0,0.0,0,0.0,1,41.1446,0,0.0
8.183333333333334,0,0.0,0,0.0,0,0.0,1,40.3144,0,0.0
8.2,0,0.0,0,0.0,0,0.0,1,38.3236,0,0.0
8.216666666666667,0,0.0,0,0.0,0,0.0,1,39.1408,0,0.0
8.233333333333333,0,0.0,0,0.0,0,0.0,1,37.9568,0,0.0
8.25,0,0.0,0,0.0,0,0.0,1,37.5082,0,0.0
8.266666666666667,0,0.0,0,0.0,0,0.0,1,38.3347,0,0.0
8.283333333333333,0,0.0,0,0.0,0,0.0,1,39.3392,0,0.0
8.3,0,0.0,0,0.0,0,0.0,1,47.6099,0,0.0
8.316666666666666,0,0.0,0,0.0,0,0.0,1,46.2587,0,0.0
8.333333333333334,0,0.0,0,0.0,0,0.0,1,43.2712,0,0.0
8.35,0,0.0,0,0.0,0,0.0,1,43.7836,0,0.0
8.366666666666667,0,0.0,0,0.0,0,0.0,1,42.6861,0,0.0
8.383333333333333,0,0.0,0,0.0,0,0.0,1,43.6486,0,0.0
8.4,0,0.0,0,0.0,0,0.0,1,48.3833,0,0.0
8.416666666666666,0,0.0,0,0.0,0,0.0,1,48.2462,0,0.0
8.433333333333334,0,0.0,0,0.0,0,0.0,1,49.5389,0,0.0
8.45,0,0.0,0,0.0,0,0.0,1,50.3748,0,0.0
8.466666666666667,0,0.0,0,0.0,0,0.0,1,48.0136,0,0.0
8.483333333333333,0,0.0,1,39.8822,0,0.0,1,49.8091,0,0.0
8.5,0,0.0,1,39.8916,0,0.0,1,48.6149,0,0.0
8.516666666666667,0,0.0,1,39.9143,0,0.0,1,47.2085,0,0.0
8.533333333333333,0,0.0,1,39.8716,0,0.0,1,47.675,0,0.0
8.55,0,0.0,1,39.8899,0,0.0,1,46.6909,0,0.0
8.566666666666666,0,0.0,1,39.8804,0,0.0,1,45.2728,0,0.0
8.583333333333334,0,0.0,1,39.9007,0,0.0,1,46.7289,0,0.0
8.6,0,0.0,1,39.9293,0,0.0,1,43.0896,0,0.0
8.616666666666667,0,0.0,1,39.944,0,0.0,1,43.0257,0,0.0
8.633333333333333,0,0.0,1,39.9119,0,0.0,1,39.2397,0,0.0
8.65,0,0.0,1,39.862,0,0.0,1,39.1098,0,0.0
8.666666666666666,0,0.0,1,39.9057,0,0.0,1,38.4402,0,0.0
8.683333333333334,0,0.0,1,39.9013,0,0.0,1,39.1861,0,0.0
8.7,0,0.0,1,39.9049,0,0.0,1,39.9249,0,0.0
8.716666666666667,0,0.0,1,39.9349,0,0.0,1,40.6992,0,0.0
8.733333333333333,0,0.0,1,39.9179,0,0.0,1,43.8518,0,0.0
8.75,0,0.0,1,39.8929,0,0.0,1,45.5241,0,0.0
8.766666666666667,0,0.0,1,39.8916,0,0.0,1,44.0693,0,0.0
8.783333333333333,0,0.0,1,39.9556,0,0.0,1,46.0629,0,0.0
8.8,0,0.0,1,39.9091,0,0.0,1,45.36,0,0.0
8.816666666666666,0,0.0,1,39.9188,0,0.0,1,45.432,0,0.0
8.833333333333334,0,0.0,1,39.921,0,0.0,1,50.6076,0,0.0
8.85,0,0.0,1,39.9193,0,0.0,1,50.808,0,0.0
8.866666666666667,0,0.0,1,39.8744,0,0.0,1,49.8275,0,0.0
8.883333333333333,0,0.0,1,39.9149,0,0.0,1,52.1551,0,0.0
8.9,0,0.0,1,39.9181,0,0.0,1,58.1487,0,0.0
8.916666666666666,0,0.0,1,39.9227,0,0.0,1,66.1389,0,0.0
8.933333333333334,0,0.0,1,39.9261,0,0.0,1,59.5359,0,0.0
8.95,0,0.0,1,39.902,0,0.0,1,57.6257,0,0.0
8.966666666666667,0,0.0,1,39.8936,0,0.0,1,57.1566,0,0.0
8.983333333333333,0,0.0,1,39.8971,0,0.0,1,59.7132,0,0.0
9.0,0,0.0,1,39.9313,0,0.0,1,64.2316,0,0.0
9.016666666666667,0,0.0,1,39.9097,0,0.0,1,64.3134,0,0.0
9.033333333333333,0,0.0,1,39.8913,0,0.0,1,54.4012,0,0.0
9.05,0,0.0,1,39.8937,1,49.2696,1,57.6513,0,0.0
9.066666666666666,0,0.0,1,39.9259,1,49.2048,1,50.0058,0,0.0
9.083333333333334,0,0.0,1,39.9114,1,49.578,1,52.6846,0,0.0
9.1,0,0.0,1,39.9313,1,49.0607,1,47.0767,0,0.0
9.116666666666667,0,0.0,1,39.9517,1,49.2897,1,45.0463,0,0.0
9.133333333333333,0,0.0,1,39.9003,1,49.1043,1,42.2441,0,0.0
9.15,0,0.0,1,39.8832,1,49.2286,1,41.0259,0,0.0
9.166666666666666,0,0.0,1,39.9225,1,49.6395,1,41.8647,0,0.0
9.183333333333334,0,0.0,1,39.9171,1,49.975,1,44.6116,0,0.0
9.2,0,0.0,1,39.9112,1,48.9393,1,48.5911,0,0.0
9.216666666666667,0,0.0,1,39.9453,1,49.3646,1,46.5295,0,0.0
9.233333333333333,0,0.0,1,39.9369,1,48.8881,1,43.8032,0,0.0
9.25,0,0.0,1,39.901,1,50.3577,1,43.1938,0,0.0
9.266666666666667,0,0.0,1,39.9399,1,49.7261,1,46.4116,0,0.0
9.283333333333333,0,0.0,1,39.9607,1,49.1434,1,44.6139,0,0.0
9.3,0,0.0,1,39.923,1,48.2589,1,41.7667,0,0.0
9.316666666666666,0,0.0,1,39.9214,1,49.2149,1,42.2557,0,0.0
9.333333333333334,0,0.0,1,39.9104,1,50.0236,1,41.6785,0,0.0
9.35,0,0.0,1,39.911,1,49.735,1,45.0893,0,0.0
9.366666666666667,0,0.0,1,39.9277,1,48.4112,1,43.4552,0,0.0
9.383333333333333,0,0.0,1,39.9576,1,49.6749,1,42.4147,0,0.0
9.4,0,0.0,1,39.9003,1,49.6584,1,44.5696,0,0.0
9.416666666666666,0,0.0,1,39.8959,1,49.7289,1,46.2768,0,0.0
9.433333333333334,0,0.0,1,39.9149,1,48.6319,1,45.5915,0,0.0
9.45,0,0.0,1,39.9374,1,50.4165,1,44.4791,0,0.0
9.466666666666667,0,0.0,1,39.9326,1,49.2343,1,39.7481,0,0.0
9.483333333333333,0,0.0,1,39.9363,1,48.8693,1,41.6198,0,0.0
9.5,0,0.0,1,39.937,1,48.8974,1,41.2243,0,0.0
9.516666666666667,0,0.0,1,39.9175,1,49.443,1,39.5509,0,0.0
9.533333333333333,0,0.0,1,39.8852,1,50.4936,1,53.9127,0,0.0
9.55,0,0.0,1,39.9412,1,48.2733,1,41.2796,0,0.0
9.566666666666666,0,0.0,1,39.9182,1,49.7555,1,43.0465,0,0.0
9.583333333333334,0,0.0,1,39.9408,1,49.7804,1,45.1535,0,0.0
9.6,0,0.0,1,39.9398,1,48.6222,1,49.983,0,0.0
9.616666666666667,0,0.0,1,39.9187,1,50.0461,1,48.689,0,0.0
9.633333333333333,0,0.0,1,39.8837,1,49.7263,1,49.5474,0,0.0
9.65,0,0.0,1,39.9073,1,49.5931,1,49.0325,0,0.0
9.666666666666666,0,0.0,1,39.932,1,48.5967,1,47.5572,0,0.0
9.683333333333334,0,0.0,1,39.9301,1,49.6194,1,49.3432,0,0.0
9.7,0,0.0,1,39.9304,1,49.4008,1,50.4562,0,0.0
9.716666666666667,0,0.0,1,39.945,1,48.8411,1,55.1204,0,0.0
9.733333333333333,0,0.0,1,39.9013,1,49.4256,1,51.0642,0,0.0
9.75,0,0.0,1,39.9034,1,49.7657,1,50.5028,0,0.0
9.766666666666667,0,0.0,1,39.9343,1,48.4257,1,49.2384,0,0.0
9.783333333333333,0,0.0,1,39.9482,1,50.0567,1,51.2954,0,0.0
9.8,0,0.0,1,39.9311,1,48.9624,1,46.0742,0,0.0
9.816666666666666,0,0.0,1,39.9143,1,49.0201,1,43.2988,0,0.0
9.833333333333334,0,0.0,1,39.8907,1,49.637,1,40.1601,0,0.0
9.85,0,0.0,1,39.9068,1,49.2573,1,39.8938,0,0.0
9.866666666666667,0,0.0,1,39.9179,1,49.6613,1,41.2428,0,0.0
9.883333333333333,0,0.0,1,39.9104,1,50.0124,1,46.5598,0,0.0
9.9,0,0.0,1,39.9049,1,48.8208,1,49.3407,0,0.0
9.916666666666666,0,0.0,1,39.8891,1,49.9211,1,62.0036,0,0.0
9.933333333333334,0,0.0,1,39.8987,1,49.662,1,61.2584,0,0.0
9.95,0,0.0,1,39.8859,1,48.1918,1,48.4215,0,0.0
9.966666666666667,0,0.0,1,39.8967,1,50.3162,1,49.0939,0,0.0
9.983333333333333,0,0.0,1,39.906,1,49.4066,1,48.1241,0,0.0
10.0,0,0.0,1,39.9016,1,49.6692,1,52.4724,0,0.0
10.016666666666667,0,0.0,1,39.8817,1,49.9492,1,45.8984,0,0.0
10.033333333333333,0,0.0,1,39.8826,1,48.679,1,44.4133,0,0.0
10.05,0,0.0,1,39.8881,1,49.1581,1,48.0511,0,0.0
10.066666666666666,0,0.0,1,39.8979,1,49.7211,1,43.8859,0,0.0
10.083333333333334,0,0.0,1,39.887,1,49.2937,1,42.9242,0,0.0
10.1,0,0.0,1,39.881,1,49.1298,1,51.0818,0,0.0
10.116666666666667,0,0.0,1,39.8943,1,49.3865,1,48.5852,0,0.0
10.133333333333333,0,0.0,1,39.8516,1,50.0069,1,45.2083,0,0.0
10.15,0,0.0,1,39.8919,1,49.2901,1,46.5482,0,0.0
10.166666666666666,0,0.0,1,39.8871,1,48.5516,1,48.7736,0,0.0
10.183333333333334,0,0.0,1,39.8876,1,49.0964,1,43.7832,0,0.0
10.2,0,0.0,1,39.8847,1,49.3708,1,41.9752,0,0.0
10.216666666666667,0,0.0,1,39.8618,1,49.7865,1,42.7451,0,0.0
10.233333333333333,0,0.0,1,39.8612,1,49.0177,1,42.6251,0,0.0
10.25,0,0.0,1,39.8664,1,49.7325,1,39.3406,0,0.0
10.266666666666667,0,0.0,1,39.8951,1,49.7125,1,37.9402,0,0.0
10.283333333333333,0,0.0,1,39.8832,1,48.4445,1,38.8758,0,0.0
10.3,0,0.0,1,39.8797,1,50.0055,1,38.0932,0,0.0
10.316666666666666,0,0.0,1,39.86,1,49.2307,1,40.9291,0,0.0
10.333333333333334,0,0.0,1,39.8651,1,49.1358,1,48.8101,0,0.0
10.35,0,0.0,1,39.8541,1,49.7444,1,44.65,0,0.0
10.366666666666667,0,0.0,1,39.9,1,49.7224,1,43.0761,0,0.0
10.383333333333333,0,0.0,1,39.8837,1,48.1703,1,40.0979,0,0.0
10.4,0,0.0,1,39.8728,1,49.4312,1,43.741,0,0.0
10.416666666666666,0,0.0,1,39.8469,1,50.2743,1,44.9509,0,0.0
10.433333333333334,0,0.0,1,39.9015,1,49.517,1,42.8921,0,0.0
10.45,0,0.0,1,39.9052,1,48.6686,1,43.8748,0,0.0
10.466666666666667,0,0.0,1,39.8804,1,49.6036,1,41.6361,0,0.0
10.483333333333333,0,0.0,1,39.9112,1,50.5556,1,41.5655,0,0.0
10.5,0,0.0,1,39.8781,1,48.6389,1,38.5741,0,0.0
10.516666666666667,0,0.0,1,39.8484,1,49.3412,1,38.6307,0,0.0
10.533333333333333,0,0.0,1,39.8849,1,49.3739,1,39.4852,0,0.0
10.55,0,0.0,1,39.9,1,49.6116,1,40.0793,0,0.0
10.566666666666666,0,0.0,1,39.8903,1,49.2706,1,39.0952,0,0.0
10.583333333333334,0,0.0,1,39.8945,1,49.3698,1,39.9958,0,0.0
10.6,0,0.0,1,39.9169,1,48.65,1,44.671,0,0.0
10.616666666666667,0,0.0,1,39.8921,1,50.3144,1,48.2014,0,0.0
10.633333333333333,0,0.0,1,39.8762,1,48.9767,1,48.2977,0,0.0
10.65,0,0.0,1,39.8919,1,49.0202,1,53.5104,0,0.0
10.666666666666666,0,0.0,1,39.9377,1,50.1851,1,48.3075,0,0.0
10.683333333333334,0,0.0,1,39.9257,1,48.9641,1,43.5848,0,0.0
10.7,0,0.0,1,39.9462,1,49.4729,1,43.974,0,0.0
10.716666666666667,0,0.0,1,39.9115,1,49.3038,1,44.0927,0,0.0
10.733333333333333,0,0.0,1,39.9195,1,49.4089,1,40.7215,0,0.0
10.75,0,0.0,1,39.9303,1,49.0534,1,40.5627,0,0.0
10.766666666666667,0,0.0,1,39.978,1,49.2416,1,39.8366,0,0.0
10.783333333333333,0,0.0,1,39.9312,1,49.2941,1,42.8307,0,0.0
10.8,0,0.0,1,39.9184,1,49.8253,1,42.62,0,0.0
10.816666666666666,0,0.0,1,39.8935,1,48.4634,1,48.7462,0,0.0
10.833333333333334,0,0.0,1,39.9232,1,50.4342,1,47.0603,0,0.0
10.85,0,0.0,1,39.9251,1,48.7482,1,47.6937,0,0.0
10.866666666666667,0,0.0,1,39.946,1,49.1093,1,47.8642,0,0.0
10.883333333333333,0,0.0,1,39.9534,1,50.2739,1,42.3684,0,0.0
10.9,0,0.0,1,39.9152,1,48.8716,1,44.6477,0,0.0
10.916666666666666,0,0.0,1,39.9289,1,48.8115,1,46.1655,0,0.0
10.933333333333334,0,0.0,1,39.9481,1,50.2868,1,40.4535,0,0.0
10.95,0,0.0,1,39.9482,1,49.033,1,38.6476,0,0.0
10.966666666666667,0,0.0,1,39.913,1,48.6663,1,41.7393,0,0.0
10.983333333333333,0,0.0,1,39.9475,1,50.0712,1,45.0813,0,0.0
11.0,0,0.0,1,39.9461,1,49.5248,1,40.5196,0,0.0
11.016666666666667,0,0.0,1,39.9498,1,48.9399,1,42.7008,0,0.0
11.033333333333333,0,0.0,1,39.9646,1,50.2659,1,71.1183,0,0.0
11.05,0,0.0,1,39.9546,1,49.3102,1,65.8946,0,0.0
11.066666666666666,0,0.0,1,39.9303,1,48.7921,1,60.8337,0,0.0
11.083333333333334,0,0.0,1,39.9464,1,49.351,1,56.7836,0,0.0
11.1,0,0.0,1,39.9574,1,49.4524,1,54.7123,0,0.0
11.116666666666667,0,0.0,1,39.9558,1,49.0326,1,60.9873,0,0.0
11.133333333333333,0,0.0,1,39.9604,1,49.7972,1,54.4733,0,0.0
11.15,0,0.0,1,39.959,1,49.3801,1,56.0486,0,0.0
11.166666666666666,0,0.0,1,39.9588,1,49.1748,1,50.0972,0,0.0
11.183333333333334,0,0.0,1,39.9258,1,48.7009,1,46.9971,0,0.0
11.2,0,0.0,1,39.9409,1,49.4729,1,43.4248,0,0.0
11.216666666666667,0,0.0,1,39.9746,1,49.6761,1,43.9325,0,0.0
11.233333333333333,0,0.0,1,39.954,1,48.4005,1,43.8313,0,0.0
11.25,0,0.0,1,39.9721,1,50.0677,1,50.7645,0,0.0
11.266666666666667,0,0.0,1,39.9822,1,49.9673,1,58.2294,0,0.0
11.283333333333333,0,0.0,1,39.9271,1,48.6948,1,61.8809,0,0.0
11.3,0,0.0,1,39.9351,1,49.3258,1,54.2391,0,0.0
11.316666666666666,0,0.0,1,39.9707,1,49.9506,1,50.5623,0,0.0
11.333333333333334,0,0.0,1,39.9646,1,49.0273,1,49.2176,0,0.0
11.35,0,0.0,1,39.9574,1,49.9205,1,49.932,0,0.0
11.366666666666667,0,0.0,1,39.9669,1,48.9645,1,47.4009,0,0.0
11.383333333333333,0,0.0,1,39.9624,1,49.1037,1,55.2322,0,0.0
11.4,0,0.0,1,39.9476,1,49.4663,1,57.6738,0,0.0
11.416666666666666,0,0.0,1,39.9548,1,49.6092,1,53.8625,0,0.0
11.433333333333334,0,0.0,1,39.9753,1,49.1304,1,53.7636,0,0.0
11.45,0,0.0,1,39.9362,1,49.8121,1,57.129,0,0.0
11.466666666666667,0,0.0,1,39.9339,1,48.9655,1,47.3175,0,0.0
11.483333333333333,0,0.0,1,39.9325,1,49.1104,1,44.0032,0,0.0
11.5,0,0.0,1,39.9256,1,49.6201,1,46.5664,0,0.0
11.516666666666667,0,0.0,1,39.9266,1,49.1959,1,49.2537,0,0.0
11.533333333333333,0,0.0,1,39.9446,1,49.89,1,52.3901,0,0.0
11.55,0,0.0,1,39.9442,1,49.1996,1,52.1846,0,0.0
11.566666666666666,0,0.0,1,39.9227,1,50.0848,1,50.4016,0,0.0
11.583333333333334,0,0.0,1,39.8889,1,49.2467,1,46.689,0,0.0
11.6,0,0.0,1,39.9553,1,48.5225,1,44.0611,0,0.0
11.616666666666667,0,0.0,1,39.9279,1,50.3692,1,39.3052,0,0.0
11.633333333333333,0,0.0,1,39.9108,1,48.9862,1,39.9689,0,0.0
11.65,0,0.0,1,39.905,1,48.769,1,41.4468,0,0.0
11.666666666666666,0,0.0,1,39.8734,1,49.8981,1,40.1409,0,0.0
11.683333333333334,0,0.0,1,39.8562,1,49.2617,1,39.5774,0,0.0
11.7,0,0.0,1,39.9048,1,48.9894,1,40.0235,0,0.0
11.716666666666667,0,0.0,1,39.8942,1,49.3085,1,40.0858,0,0.0
11.733333333333333,0,0.0,1,39.9168,1,49.8524,1,41.6399,0,0.0
11.75,0,0.0,1,39.9015,1,48.8957,1,47.3453,0,0.0
11.766666666666667,0,0.0,1,39.8832,1,49.8798,1,41.3637,0,0.0
11.783333333333333,0,0.0,1,39.8579,1,49.3842,1,41.3922,0,0.0
11.8,0,0.0,1,39.8812,1,48.7384,1,40.7059,0,0.0
11.816666666666666,0,0.0,1,39.875,1,49.5739,1,42.3604,0,0.0
11.833333333333334,0,0.0,1,39.8627,1,49.0894,1,41.4716,0,0.0
11.85,0,0.0,1,39.8586,1,50.0639,1,41.1538,0,0.0
11.866666666666667,0,0.0,1,39.8644,1,49.0458,1,40.2606,0,0.0
11.883333333333333,0,0.0,1,39.885,1,48.9778,1,40.383,0,0.0
11.9,0,0.0,1,39.861,1,49.1494,1,49.3423,0,0.0
11.916666666666666,0,0.0,1,39.8788,1,49.2716,1,49.006,0,0.0
11.933333333333334,0,0.0,1,39.8671,1,49.495,1,44.8346,0,0.0
11.95,0,0.0,1,39.8343,1,50.3182,1,42.7415,0,0.0
11.966666666666667,0,0.0,1,39.8727,1,49.0865,1,40.0281,0,0.0
11.983333333333333,0,0.0,1,39.8796,1,49.7836,1,41.7101,0,0.0
12.0,0,0.0,1,39.8944,1,49.8126,1,45.4628,0,0.0
12.016666666666667,0,0.0,1,39.8783,1,48.8417,1,40.9849,0,0.0
12.033333333333333,0,0.0,1,39.9064,1,49.2341,1,41.5324,0,0.0
12.05,0,0.0,1,39.8825,1,49.4536,1,45.0095,0,0.0
12.066666666666666,0,0.0,1,39.8782,1,49.0996,1,45.2052,0,0.0
12.083333333333334,0,0.0,1,39.9123,1,49.1474,1,44.4016,0,0.0
12.1,0,0.0,1,39.8941,1,48.5924,1,44.9953,0,0.0
12.116666666666667,0,0.0,1,39.9128,1,49.1987,1,46.3033,0,0.0
12.133333333333333,0,0.0,1,39.8886,1,50.5693,1,46.8896,0,0.0
12.15,0,0.0,1,39.8863,1,49.218,1,44.4516,0,0.0
12.166666666666666,0,0.0,1,39.8901,1,48.4524,1,47.3611,0,0.0
12.183333333333334,0,0.0,1,39.8996,1,49.1717,1,46.1231,0,0.0
12.2,0,0.0,1,39.9272,1,50.498,1,47.0274,0,0.0
12.216666666666667,0,0.0,1,39.8987,1,49.77,1,47.3671,0,0.0
12.233333333333333,0,0.0,1,39.8962,1,48.3239,1,45.1827,0,0.0
12.25,0,0.0,1,39.9015,1,49.7099,1,47.5382,0,0.0
12.266666666666667,0,0.0,1,39.9111,1,49.1399,1,46.9608,0,0.0
12.283333333333333,0,0.0,1,39.9167,1,49.1559,1,49.3554,0,0.0
12.3,0,0.0,1,39.9134,1,49.5369,1,49.7663,0,0.0
12.316666666666666,0,0.0,1,39.9098,1,49.4796,1,46.8145,0,0.0
12.333333333333334,0,0.0,1,39.8974,1,49.7397,1,46.9179,0,0.0
12.35,0,0.0,1,39.8988,1,50.2077,1,49.2789,0,0.0
12.366666666666667,0,0.0,1,39.9197,1,48.8763,1,44.1485,0,0.0
12.383333333333333,0,0.0,1,39.9156,1,49.2295,1,46.3936,0,0.0
12.4,0,0.0,1,39.8933,1,48.6448,1,44.3805,0,0.0
12.416666666666666,0,0.0,1,39.9055,1,50.0986,1,48.5742,0,0.0
12.433333333333334,0,0.0,1,39.888,1,49.6541,1,50.4912,0,0.0
12.45,0,0.0,1,39.9141,1,48.0061,1,57.4976,0,0.0
12.466666666666667,0,0.0,1,39.9336,1,49.3207,1,47.8885,0,0.0
12.483333333333333,0,0.0,1,39.9118,1,50.4949,1,45.6561,0,0.0
12.5,0,0.0,1,39.8899,1,48.177,1,48.0336,0,0.0
12.516666666666667,0,0.0,1,39.8924,1,49.6157,1,48.1383,0,0.0
12.533333333333333,0,0.0,1,39.9361,1,49.3745,1,47.9855,0,0.0
12.55,0,0.0,1,39.9229,1,49.762,1,44.4505,0,0.0
12.566666666666666,0,0.0,1,39.9345,1,49.7991,1,41.657,0,0.0
12.583333333333334,0,0.0,1,39.9395,1,48.9512,1,40.19,0,0.0
12.6,0,0.0,1,39.8937,1,49.4541,1,43.6762,0,0.0
12.616666666666667,0,0.0,1,39.8545,1,48.7857,1,46.5528,0,0.0
12.633333333333333,0,0.0,1,39.9164,1,49.8049,1,50.5764,0,0.0
12.65,1,1262.7684,1,39.9169,1,49.6113,1,45.2447,0,0.0
12.666666666666666,1,1264.8363,1,39.9056,1,49.242,1,42.3435,0,0.0
12.683333333333334,1,1265.2677,1,39.9269,1,49.3167,1,43.2434,0,0.0
12.7,1,1264.76,1,39.9094,1,49.7281,1,41.8651,0,0.0
12.716666666666667,1,1263.8397,1,39.9159,1,49.2163,1,43.1293,0,0.0
12.733333333333333,1,1264.9082,1,39.9519,1,49.3402,1,43.0309,0,0.0
12.75,1,1265.3854,1,39.9572,1,49.7803,1,40.5413,0,0.0
12.766666666666667,1,1264.9082,1,39.9504,1,48.702,1,41.842,0,0.0
12.783333333333333,1,1265.0907,1,39.9228,1,49.427,1,39.4977,0,0.0
12.8,1,1265.6907,1,39.9186,1,49.7019,1,38.0997,0,0.0
12.816666666666666,1,1263.8043,1,39.9374,1,48.678,1,40.3606,0,0.0
12.833333333333334,1,1263.3484,1,39.9143,1,49.8797,1,40.3,0,0.0
12.85,1,1264.2167,1,39.9367,1,49.2819,1,41.4392,0,0.0
12.866666666666667,1,1265.7164,1,39.9321,1,49.0439,1,40.0289,0,0.0
12.883333333333333,1,1265.3643,1,39.9247,1,49.4989,1,38.33,0,0.0
12.9,1,1262.6842,1,39.917,1,49.6607,1,38.7814,0,0.0
12.916666666666666,1,1263.6215,1,39.9456,1,49.153,1,39.8833,0,0.0
12.933333333333334,1,1264.7262,1,39.9132,1,48.8594,1,40.9395,0,0.0
12.95,1,1265.1115,1,39.9185,1,49.8762,1,45.2082,0,0.0
12.966666666666667,1,1262.3007,1,39.9334,1,49.4295,1,45.026,0,0.0
12.983333333333333,1,1262.4496,1,39.9062,1,49.2761,1,47.3707,0,0.0
13.0,1,1264.354,1,39.9003,1,49.1893,1,45.8943,0,0.0
13.016666666666667,1,1266.1191,1,39.9156,1,49.4064,1,49.9286,0,0.0
13.033333333333333,1,1263.0389,1,39.9359,1,49.1862,1,44.5547,0,0.0
13.05,1,1261.938,1,39.9074,1,49.4786,1,44.7729,0,0.0
13.066666666666666,1,1263.4865,1,39.9139,1,49.9035,1,41.9769,0,0.0
13.083333333333334,1,1264.5155,1,39.891,1,49.0202,1,45.3657,0,0.0
13.1,1,1263.6064,1,39.9356,1,49.9442,1,51.4951,0,0.0
13.116666666666667,1,1263.7219,1,39.9422,1,48.5915,1,51.2069,0,0.0
13.133333333333333,1,1263.0001,1,39.936,1,49.3184,1,50.667,0,0.0
13.15,1,1262.3059,1,39.8995,1,49.5687,1,50.5242,0,0.0
13.166666666666666,1,1262.5787,1,39.908,1,49.2217,1,49.501,0,0.0
13.183333333333334,1,1262.5778,1,39.9265,1,49.7775,1,56.114,0,0.0
13.2,1,1262.6129,1,39.9752,1,48.8946,1,49.6492,0,0.0
13.216666666666667,1,1262.9536,1,39.94,1,49.6782,1,46.601,0,0.0
13.233333333333333,1,1261.1871,1,39.9516,1,49.3884,1,43.4913,0,0.0
13.25,1,1263.0173,1,39.9185,1,49.3862,1,40.1692,0,0.0
13.266666666666667,1,1263.2024,1,39.9142,1,49.1649,1,43.1816,0,0.0
13.283333333333333,1,1263.181,1,39.9001,1,49.6385,1,47.2541,0,0.0
13.3,1,1262.0271,1,39.9401,1,49.4328,1,48.2464,0,0.0
13.316666666666666,1,1261.1071,1,39.9539,1,48.8428,1,45.2571,0,0.0
13.333333333333334,1,1262.8206,1,39.9235,1,49.5944,1,45.1264,0,0.0
13.35,1,1262.6947,1,39.9428,1,49.1664,1,43.8674,0,0.0
13.366666666666667,1,1262.0432,1,39.927,1,49.7024,1,43.4453,0,0.0
13.383333333333333,1,1261.1624,1,39.942,1,49.1698,1,42.8037,0,0.0
13.4,1,1262.892,1,39.9625,1,49.7836,1,43.466,0,0.0
13.416666666666666,1,1262.3922,1,39.977,1,49.7538,1,44.7784,0,0.0
13.433333333333334,1,1262.7589,1,39.9549,1,48.899,1,52.0399,0,0.0
13.45,1,1263.5813,1,39.9356,1,48.8362,1,50.048,0,0.0
13.466666666666667,1,1261.0459,1,39.9545,1,50.4214,1,46.1227,0,0.0
13.483333333333333,1,1260.6077,1,39.9386,1,49.3772,1,50.5106,0,0.0
13.5,1,1261.4137,1,39.9528,1,48.3078,1,49.3013,0,0.0
13.516666666666667,1,1261.863,1,39.9542,1,49.8512,1,48.2447,0,0.0
13.533333333333333,1,1261.6791,1,39.9531,1,49.349,1,46.3067,0,0.0
13.55,1,1261.3279,1,39.9251,1,49.473,1,47.8967,0,0.0
13.566666666666666,1,1262.074,1,39.9466,1,49.2379,1,46.9694,0,0.0
13.583333333333334,1,1263.3544,1,39.9521,1,49.5676,1,45.4079,0,0.0
13.6,1,1262.3656,1,39.9375,1,48.9274,1,46.2392,0,0.0
13.616666666666667,1,1260.5541,1,39.9266,1,49.4311,1,44.3616,0,0.0
13.633333333333333,1,1260.3156,1,39.9324,1,49.5717,1,39.7412,0,0.0
13.65,1,1262.1578,1,39.9076,1,48.872,1,39.6082,0,0.0
13.666666666666666,1,1262.7957,1,39.9446,1,49.8119,1,39.0598,0,0.0
13.683333333333334,1,1261.3199,1,39.9606,1,49.4807,1,39.7143,0,0.0
13.7,1,1259.5474,1,39.9283,1,49.4671,1,39.6304,0,0.0
13.716666666666667,1,1260.7701,1,39.94,1,48.9271,1,38.59,0,0.0
13.733333333333333,1,1258.475,1,39.9124,1,49.6452,1,38.7435,0,0.0
13.75,1,1257.1451,1,39.9455,1,49.7993,1,39.1507,0,0.0
13.766666666666667,1,1260.6713,1,39.9372,1,49.0806,1,39.2766,0,0.0
13.783333333333333,1,1259.3738,1,39.9396,1,50.1638,1,39.2727,0,0.0
13.8,1,1260.5922,1,39.9387,1,48.1189,1,42.7704,0,0.0
13.816666666666666,1,1261.8508,1,39.9255,1,49.6683,1,51.7825,0,0.0
13.833333333333334,1,1261.4436,1,39.9083,1,48.8181,1,43.5414,0,0.0
13.85,1,1260.1632,1,39.9578,1,49.7281,1,43.7998,0,0.0
13.866666666666667,1,1258.7551,1,39.936,1,49.9078,1,42.1213,0,0.0
13.883333333333333,1,1261.3835,1,39.9377,1,49.0887,1,46.7792,0,0.0
13.9,1,1261.4019,1,39.9449,1,49.5099,1,46.4044,0,0.0
13.916666666666666,1,1260.3729,1,39.9389,1,49.4367,1,47.6216,0,0.0
13.933333333333334,1,1259.3833,1,39.8982,1,49.0786,1,44.6204,0,0.0
13.95,1,1259.5704,1,39.9277,1,49.2132,1,40.3635,0,0.0
13.966666666666667,1,1261.293,1,39.9409,1,50.2368,1,39.9409,0,0.0
13.983333333333333,1,1260.7384,1,39.9203,1,49.215,1,38.2965,0,0.0
14.0,1,1259.8531,1,39.9332,1,48.7657,1,40.1315,0,0.0
14.016666666666667,1,1259.2354,1,39.9314,1,50.2729,1,39.403,0,0.0
14.033333333333333,1,1261.0764,1,39.9471,1,48.6919,1,38.7221,0,0.0
14.05,1,1260.9202,1,39.9287,1,48.6835,1,43.6071,0,0.0
14.066666666666666,1,1260.2983,1,39.9501,1,50.2623,1,40.9362,0,0.0
14.083333333333334,1,1261.2146,1,39.9244,1,49.7916,1,39.6784,0,0.0
14.1,1,1259.7894,1,39.9057,1,48.1494,1,43.9436,0,0.0
14.116666666666667,1,1258.4697,1,39.9237,1,50.4491,1,38.1107,0,0.0
14.133333333333333,1,1260.0065,1,39.9467,1,48.8113,1,37.5061,0,0.0
14.15,1,1261.076,1,39.9231,1,49.1462,1,38.2971,0,0.0
14.166666666666666,1,1259.6924,1,39.946,1,49.5372,1,37.6775,0,0.0
14.183333333333334,1,1259.155,1,39.9595,1,49.35,1,38.0618,0,0.0
14.2,1,1260.1902,1,39.9354,1,49.7503,1,38.4054,0,0.0
14.216666666666667,1,1260.6976,1,39.9399,1,49.2153,1,41.6666,0,0.0
14.233333333333333,1,1258.8516,1,39.9475,1,49.2061,1,39.0246,0,0.0
14.25,1,1259.7711,1,39.9563,1,49.5658,1,37.5977,0,0.0
14.266666666666667,1,1260.6007,1,39.9254,1,49.5154,1,37.6083,0,0.0
14.283333333333333,1,1259.5586,1,39.9587,1,49.1595,1,37.9155,0,0.0
14.3,1,1258.2708,1,39.9174,1,49.1887,1,37.8893,0,0.0
14.316666666666666,1,1260.358,1,39.9384,1,49.1696,1,38.084,0,0.0
14.333333333333334,1,1261.3555,1,39.9538,1,49.4555,1,37.6598,0,0.0
14.35,1,1259.0145,1,39.9415,1,49.0978,1,37.7172,0,0.0
14.366666666666667,1,1259.66,1,39.898,1,49.454,1,38.9296,0,0.0
14.383333333333333,1,1261.0128,1,39.8927,1,49.8009,1,38.1235,0,0.0
14.4,1,1260.9564,1,39.9325,1,48.6136,1,38.5368,0,0.0
14.416666666666666,1,1258.0135,1,39.9218,1,49.9826,1,44.0788,0,0.0
14.433333333333334,1,1258.9257,1,39.9181,1,48.9474,1,38.5143,0,0.0
14.45,1,1261.3461,1,39.9411,1,49.819,1,46.6493,0,0.0
14.466666666666667,1,1260.9691,1,39.9456,1,49.3176,1,42.95,0,0.0
14.483333333333333,1,1257.7476,1,39.9194,1,48.994,1,38.1615,0,0.0
14.5,1,1258.4677,1,39.927,1,49.5023,1,39.4628,0,0.0
14.516666666666667,1,1260.9174,1,39.9518,1,48.7331,1,39.8618,0,0.0
14.533333333333333,1,1261.3038,1,39.9304,1,49.9403,1,39.1725,0,0.0
14.55,1,1259.0542,1,39.9339,1,49.6292,1,39.9021,0,0.0
14.566666666666666,1,1258.8969,1,39.9039,1,49.7249,1,39.0789,0,0.0
14.583333333333334,1,1261.0754,1,39.8985,1,48.9546,1,42.5457,0,0.0
14.6,1,1260.7773,1,39.9194,1,48.8194,1,44.2355,0,0.0
14.616666666666667,1,1260.6421,1,39.932,1,49.2583,1,47.1989,0,0.0
14.633333333333333,1,1257.9635,1,39.952,1,49.2354,1,45.3084,0,0.0
14.65,1,1259.3772,1,39.9002,1,49.632,1,47.1527,0,0.0
14.666666666666666,1,1258.3123,1,39.9298,1,49.2749,1,43.6453,0,0.0
14.683333333333334,1,1259.0347,1,39.9306,1,50.5844,1,38.4981,0,0.0
14.7,1,1259.9617,1,39.9454,1,48.1207,1,40.1522,0,0.0
14.716666666666667,1,1260.6035,1,39.9605,1,49.4657,1,47.7423,0,0.0
14.733333333333333,1,1260.8644,1,39.9926,1,49.4135,1,46.7964,0,0.0
14.75,1,1260.3765,1,39.9609,1,49.5157,1,42.0074,0,0.0
14.766666666666667,1,1260.8651,1,39.8956,1,49.7529,1,40.1274,0,0.0
14.783333333333333,1,1259.9729,1,39.9584,1,49.1148,1,38.4796,0,0.0
14.8,1,1258.028,1,39.9406,1,49.5906,1,40.1413,0,0.0
14.816666666666666,1,1261.2593,1,39.9514,1,49.2389,1,40.681,0,0.0
14.833333333333334,1,1261.3245,1,39.9405,1,49.5377,1,39.4477,0,0.0
14.85,1,1258.323,1,39.9566,1,49.2735,1,38.2583,0,0.0
14.866666666666667,1,1259.851,1,39.9121,1,49.1878,1,41.1946,0,0.0
14.883333333333333,1,1261.7618,1,39.9399,1,49.3437,1,37.8701,0,0.0
14.9,1,1260.4222,1,39.9563,1,49.157,1,37.7524,0,0.0
14.916666666666666,1,1258.2262,1,39.9585,0,0.0,1,52.1638,0,0.0
14.933333333333334,1,1260.9635,1,39.9275,0,0.0,1,43.6483,0,0.0
14.95,1,1262.4221,1,39.9452,0,0.0,1,44.2373,0,0.0
14.966666666666667,1,1259.627,1,39.9189,0,0.0,1,46.9928,0,0.0
14.983333333333333,1,1259.4963,1,39.9408,0,0.0,1,41.6985,0,0.0
15.0,1,1261.2605,1,39.9489,0,0.0,1,43.6265,0,0.0
15.016666666666667,1,1261.2953,1,39.9425,0,0.0,1,39.5705,0,0.0
15.033333333333333,1,1259.7245,1,39.9194,0,0.0,1,38.9929,0,0.0
15.05,1,1259.7202,1,39.9204,0,0.0,1,39.1206,0,0.0
15.066666666666666,1,1260.7585,1,39.9227,0,0.0,1,40.5632,0,0.0
15.083333333333334,1,1261.0967,1,39.9294,0,0.0,1,42.5476,0,0.0
15.1,1,1261.9027,1,39.9579,0,0.0,1,39.4707,0,0.0
15.116666666666667,1,1260.7592,1,39.9569,0,0.0,1,39.3063,0,0.0
15.133333333333333,1,1259.4783,1,39.9562,0,0.0,1,37.7578,0,0.0
15.15,1,1261.8497,1,39.9325,0,0.0,1,38.4229,0,0.0
15.166666666666666,1,1262.9906,1,39.9544,0,0.0,1,39.199,0,0.0
15.183333333333334,1,1262.6421,1,39.9709,0,0.0,1,41.3598,0,0.0
15.2,1,1259.9528,1,39.9514,0,0.0,1,55.885,0,0.0
15.216666666666667,1,1260.985,1,39.966,0,0.0,1,47.248,0,0.0
15.233333333333333,1,1262.4753,1,39.9983,0,0.0,1,42.2454,0,0.0
15.25,1,1262.8763,1,39.9341,0,0.0,1,40.92,0,0.0
15.266666666666667,1,1262.6389,1,39.9403,0,0.0,1,41.1539,0,0.0
15.283333333333333,1,1259.9755,1,39.9905,0,0.0,1,39.0575,0,0.0
15.3,1,1260.5514,1,39.9675,0,0.0,1,39.372,0,0.0
15.316666666666666,1,1262.7568,1,39.9509,0,0.0,1,40.2011,0,0.0
15.333333333333334,1,1262.127,1,39.9434,0,0.0,1,52.191,0,0.0
15.35,1,1261.2773,1,39.9314,0,0.0,1,45.9515,0,0.0
15.366666666666667,1,1260.4937,1,39.964,0,0.0,1,46.4797,0,0.0
15.383333333333333,1,1260.2644,1,39.9406,0,0.0,1,39.5406,0,0.0
15.4,1,1260.6761,1,39.9536,0,0.0,1,43.3914,0,0.0
15.416666666666666,1,1261.5458,1,39.9373,0,0.0,1,38.8997,0,0.0
15.433333333333334,1,1261.9562,1,39.9212,0,0.0,1,39.3906,0,0.0
15.45,1,1261.8898,1,39.9477,0,0.0,1,51.507,0,0.0
15.466666666666667,1,1261.7804,1,39.9531,0,0.0,1,47.222,0,0.0
15.483333333333333,1,1261.7865,1,39.9447,0,0.0,1,56.9315,0,0.0
15.5,1,1262.1619,1,39.958,0,0.0,1,58.0732,0,0.0
15.516666666666667,1,1259.9353,1,39.9541,0,0.0,1,50.8269,0,0.0
15.533333333333333,1,1259.8921,1,39.9251,0,0.0,1,52.7799,0,0.0
15.55,1,1261.6248,1,39.9584,0,0.0,1,52.5545,0,0.0
15.566666666666666,1,1262.285,1,39.9464,0,0.0,1,50.8283,0,0.0
15.583333333333334,1,1261.9965,1,39.9556,0,0.0,1,50.6274,0,0.0
15.6,1,1261.2834,1,39.9335,0,0.0,1,59.44,0,0.0
15.616666666666667,1,1258.8799,1,39.9561,0,0.0,1,49.4724,0,0.0
15.633333333333333,1,1260.3024,1,39.9335,0,0.0,1,44.74,0,0.0
15.65,1,1261.1062,1,39.9127,0,0.0,1,41.6048,0,0.0
15.666666666666666,1,1261.1221,1,39.9655,0,0.0,1,39.8052,0,0.0
15.683333333333334,1,1258.942,1,39.9714,0,0.0,1,39.8234,0,0.0
15.7,1,1260.8583,0,0.0,0,0.0,1,40.2944,0,0.0
15.716666666666667,1,1261.469,0,0.0,0,0.0,1,40.2477,0,0.0
15.733333333333333,1,1259.2518,0,0.0,0,0.0,1,38.434,0,0.0
15.75,1,1259.8113,0,0.0,0,0.0,1,41.0247,0,0.0
15.766666666666667,1,1261.1849,0,0.0,0,0.0,1,39.6418,0,0.0
15.783333333333333,1,1261.3372,0,0.0,0,0.0,1,39.3742,0,0.0
15.8,1,1260.1946,0,0.0,0,0.0,1,49.6519,0,0.0
15.816666666666666,1,1258.7904,0,0.0,0,0.0,1,52.0763,0,0.0
15.833333333333334,1,1261.7256,0,0.0,0,0.0,1,42.4727,0,0.0
15.85,1,1261.5715,0,0.0,0,0.0,1,47.5192,0,0.0
15.866666666666667,1,1261.379,0,0.0,0,0.0,1,46.3994,0,0.0
15.883333333333333,1,1259.4426,0,0.0,0,0.0,1,42.6113,0,0.0
15.9,1,1260.6614,0,0.0,0,0.0,1,41.8858,0,0.0
15.916666666666666,1,1260.9591,0,0.0,0,0.0,1,41.9307,0,0.0
15.933333333333334,1,1260.6912,0,0.0,0,0.0,1,58.478,0,0.0
15.95,1,1259.0096,0,0.0,0,0.0,1,43.5617,0,0.0
15.966666666666667,1,1261.1814,0,0.0,0,0.0,1,48.191,0,0.0
15.983333333333333,1,1260.799,0,0.0,0,0.0,1,44.375,0,0.0
16.0,1,1259.714,0,0.0,0,0.0,1,40.964,0,0.0
16.016666666666666,1,1260.0247,0,0.0,0,0.0,1,39.4537,0,0.0
16.033333333333335,1,1260.8671,0,0.0,0,0.0,1,38.7496,0,0.0
16.05,1,1260.4121,0,0.0,0,0.0,1,38.8748,0,0.0
16.066666666666666,1,1258.9089,0,0.0,0,0.0,1,39.0876,0,0.0
16.083333333333332,1,1257.0819,0,0.0,0,0.0,1,38.1687,0,0.0
16.1,1,1257.9093,0,0.0,0,0.0,1,38.3325,0,0.0
16.116666666666667,1,1260.1714,0,0.0,0,0.0,1,41.1791,0,0.0
16.133333333333333,1,1258.7533,0,0.0,0,0.0,1,41.3954,0,0.0
16.15,1,1260.3381,0,0.0,0,0.0,1,47.748,0,0.0
16.166666666666668,1,1261.1542,0,0.0,0,0.0,1,40.2626,0,0.0
16.183333333333334,1,1260.5995,0,0.0,0,0.0,1,39.1849,0,0.0
16.2,1,1259.4128,0,0.0,0,0.0,1,39.406,0,0.0
16.216666666666665,1,1258.2535,0,0.0,0,0.0,1,38.3108,0,0.0
16.233333333333334,1,1259.5902,0,0.0,0,0.0,1,40.2272,0,0.0
16.25,1,1259.6702,0,0.0,0,0.0,1,40.7044,0,0.0
16.266666666666666,1,1258.9518,0,0.0,0,0.0,1,38.0075,0,0.0
16.283333333333335,1,1257.8701,0,0.0,0,0.0,1,38.2709,0,0.0
16.3,1,1260.4272,0,0.0,0,0.0,1,38.6744,0,0.0
16.316666666666666,1,1260.4756,0,0.0,0,0.0,1,42.2506,0,0.0
16.333333333333332,1,1260.0256,0,0.0,0,0.0,1,42.9433,0,0.0
16.35,1,1258.1404,0,0.0,0,0.0,1,41.2899,0,0.0
16.366666666666667,1,1259.2653,0,0.0,0,0.0,1,41.2818,0,0.0
16.383333333333333,1,1260.1362,0,0.0,0,0.0,1,39.3896,0,0.0
16.4,1,1259.645,0,0.0,0,0.0,1,38.5496,0,0.0
16.416666666666668,1,1257.4081,0,0.0,0,0.0,1,39.7316,0,0.0
16.433333333333334,1,1258.751,0,0.0,0,0.0,1,38.6682,0,0.0
16.45,1,1260.3052,0,0.0,0,0.0,1,41.0149,0,0.0
16.466666666666665,1,1260.3126,0,0.0,0,0.0,1,38.3769,0,0.0
16.483333333333334,1,1257.5172,0,0.0,0,0.0,1,40.0829,0,0.0
16.5,1,1259.2502,0,0.0,0,0.0,1,40.2255,0,0.0
16.516666666666666,1,1260.407,0,0.0,0,0.0,1,41.8214,0,0.0
16.533333333333335,1,1260.078,0,0.0,0,0.0,1,41.0285,0,0.0
16.55,1,1259.8237,0,0.0,0,0.0,1,40.2783,0,0.0
16.566666666666666,1,1257.2499,0,0.0,0,0.0,1,41.2584,0,0.0
16.583333333333332,1,1258.8928,0,0.0,0,0.0,1,40.6795,0,0.0
16.6,1,1259.9414,0,0.0,0,0.0,1,39.6253,0,0.0
16.616666666666667,1,1259.5981,0,0.0,0,0.0,1,38.2636,0,0.0
16.633333333333333,1,1259.5942,0,0.0,0,0.0,1,40.6805,0,0.0
16.65,1,1257.7504,0,0.0,0,0.0,1,39.4681,0,0.0
16.666666666666668,1,1258.5404,0,0.0,0,0.0,1,39.3756,0,0.0
16.683333333333334,1,1259.8545,0,0.0,0,0.0,1,38.6731,0,0.0
16.7,1,1260.7416,0,0.0,0,0.0,1,38.087,0,0.0
16.716666666666665,1,1258.8572,0,0.0,0,0.0,1,38.8233,0,0.0
16.733333333333334,1,1256.8549,0,0.0,0,0.0,1,38.4509,0,0.0
16.75,1,1258.6487,0,0.0,0,0.0,1,38.1717,0,0.0
16.766666666666666,1,1260.4662,0,0.0,0,0.0,1,38.8276,0,0.0
16.783333333333335,1,1258.9257,0,0.0,0,0.0,1,38.9298,0,0.0
16.8,1,1256.8328,0,0.0,0,0.0,1,39.8878,0,0.0
16.816666666666666,1,1257.599,0,0.0,0,0.0,1,41.4606,0,0.0
16.833333333333332,1,1259.3495,0,0.0,0,0.0,1,38.8504,0,0.0
16.85,1,1259.645,0,0.0,0,0.0,1,39.2618,0,0.0
16.866666666666667,1,1258.7211,0,0.0,0,0.0,1,40.2191,0,0.0
16.883333333333333,1,1257.2336,0,0.0,0,0.0,1,41.9401,0,0.0
16.9,1,1257.9453,0,0.0,0,0.0,1,39.9346,0,0.0
16.916666666666668,1,1259.3442,0,0.0,0,0.0,1,38.9188,0,0.0
16.933333333333334,1,1258.9248,0,0.0,0,0.0,1,37.5785,0,0.0
16.95,1,1256.957,0,0.0,0,0.0,1,49.7924,0,0.0
16.966666666666665,1,1255.7809,0,0.0,0,0.0,1,45.2031,0,0.0
16.983333333333334,1,1257.984,0,0.0,0,0.0,1,39.4811,0,0.0
17.0,1,1259.8792,0,0.0,0,0.0,1,38.0238,0,0.0
17.016666666666666,1,1259.0894,0,0.0,0,0.0,1,45.1852,0,0.0
17.033333333333335,1,1256.8008,0,0.0,0,0.0,1,49.189,0,0.0
17.05,1,1258.752,0,0.0,0,0.0,1,44.8538,0,0.0
17.066666666666666,1,1260.0619,0,0.0,0,0.0,1,42.8497,0,0.0
17.083333333333332,1,1259.6558,0,0.0,0,0.0,1,43.5632,0,0.0
17.1,1,1259.5354,0,0.0,0,0.0,1,50.5462,0,0.0
17.116666666666667,1,1259.1647,0,0.0,0,0.0,1,42.3513,0,0.0
17.133333333333333,1,1260.1481,0,0.0,0,0.0,1,40.0276,0,0.0
17.15,1,1259.0734,0,0.0,0,0.0,1,47.532,0,0.0
17.166666666666668,1,1258.0701,0,0.0,0,0.0,1,47.7444,0,0.0
17.183333333333334,1,1258.6216,0,0.0,0,0.0,1,40.6478,0,0.0
17.2,1,1259.6785,0,0.0,0,0.0,1,51.2503,0,0.0
17.216666666666665,1,1259.9076,0,0.0,0,0.0,1,52.2625,1,25.5045
17.233333333333334,1,1258.0974,0,0.0,0,0.0,1,47.6532,1,26.8039
17.25,1,1257.4337,0,0.0,0,0.0,1,42.4397,1,26.2166
17.266666666666666,1,1257.1915,0,0.0,0,0.0,1,37.6448,1,26.3041
17.283333333333335,1,1259.2498,0,0.0,0,0.0,1,41.8118,1,26.2418
17.3,1,1258.9984,0,0.0,0,0.0,1,39.1808,1,27.1332
17.316666666666666,1,1258.3914,0,0.0,0,0.0,1,38.5344,1,26.5467
17.333333333333332,1,1255.6565,0,0.0,0,0.0,1,37.5994,1,26.6751
17.35,1,1257.8879,0,0.0,0,0.0,1,39.917,1,19.4966
17.366666666666667,1,1258.4725,0,0.0,0,0.0,1,38.6308,1,25.2842
17.383333333333333,1,1258.7477,0,0.0,0,0.0,1,57.6499,1,27.0293
17.4,1,1258.1113,0,0.0,0,0.0,1,44.0157,1,27.5773
17.416666666666668,1,1258.3679,0,0.0,0,0.0,1,42.6513,1,26.455
17.433333333333334,1,1258.0919,0,0.0,0,0.0,1,38.4771,1,27.2805
17.45,1,1258.7682,0,0.0,0,0.0,1,38.3193,1,27.4661
17.466666666666665,1,1258.4058,0,0.0,0,0.0,1,38.6882,1,26.8814
17.483333333333334,1,1258.162,0,0.0,0,0.0,1,38.9978,1,25.3409
17.5,1,1258.8026,0,0.0,0,0.0,1,40.4354,1,26.4471
17.516666666666666,1,1259.2716,0,0.0,0,0.0,1,39.8228,1,26.9614
17.533333333333335,1,1255.8077,0,0.0,0,0.0,1,38.6265,1,26.0961
17.55,1,1258.5048,0,0.0,0,0.0,1,37.6412,1,25.8719
17.566666666666666,1,1258.8563,0,0.0,0,0.0,1,38.9021,1,25.4535
17.583333333333332,1,1258.6387,0,0.0,0,0.0,1,40.6528,1,26.4551
17.6,1,1256.0315,0,0.0,0,0.0,1,40.1942,1,26.4085
17.616666666666667,1,1256.5049,0,0.0,0,0.0,1,39.3293,1,26.1629
17.633333333333333,1,1258.4254,0,0.0,0,0.0,1,38.8142,1,27.6264
17.65,1,1259.3433,0,0.0,0,0.0,1,39.2903,1,27.3111
17.666666666666668,1,1259.6305,0,0.0,0,0.0,1,40.2152,1,27.1984
17.683333333333334,1,1258.2426,0,0.0,0,0.0,1,45.4737,1,26.6038
17.7,1,1256.0051,0,0.0,0,0.0,1,46.3015,1,27.2747
17.716666666666665,1,1258.285,0,0.0,0,0.0,1,42.3255,1,26.6784
17.733333333333334,1,1258.3159,0,0.0,0,0.0,1,41.8295,1,27.4317
17.75,1,1258.3254,0,0.0,0,0.0,1,39.1623,1,26.4891
17.766666666666666,1,1257.4636,0,0.0,0,0.0,1,39.1887,1,27.1279
17.783333333333335,1,1255.7742,0,0.0,0,0.0,1,38.6831,1,26.434
17.8,1,1258.307,0,0.0,0,0.0,1,39.7778,1,27.527
17.816666666666666,1,1258.1748,0,0.0,0,0.0,1,39.3089,1,27.1603
17.833333333333332,1,1257.3213,0,0.0,0,0.0,1,40.8375,1,27.7047
17.85,1,1255.082,0,0.0,0,0.0,1,45.4652,1,26.188
17.866666666666667,1,1256.8186,0,0.0,0,0.0,1,39.3162,1,27.3708
17.883333333333333,1,1258.1655,0,0.0,0,0.0,1,39.2982,1,27.287
17.9,1,1258.6335,0,0.0,0,0.0,1,40.4914,1,26.6445
17.916666666666668,1,1258.7611,0,0.0,0,0.0,1,39.6752,1,26.4721
17.933333333333334,1,1258.052,0,0.0,0,0.0,1,40.4502,1,26.1831
17.95,1,1258.7854,0,0.0,0,0.0,1,39.7808,1,25.9905
17.966666666666665,1,1254.6271,0,0.0,0,0.0,1,40.2398,1,26.0443
17.983333333333334,1,1252.3687,0,0.0,0,0.0,1,38.1369,1,25.4369
18.0,1,1255.6178,0,0.0,0,0.0,1,36.9644,1,25.9877
18.016666666666666,1,1255.3698,0,0.0,0,0.0,1,42.6167,1,27.1799
18.033333333333335,1,1254.7727,0,0.0,0,0.0,1,40.4192,1,26.194
18.05,1,1253.8232,0,0.0,0,0.0,1,37.6471,1,25.8434
18.066666666666666,1,1258.33,0,0.0,0,0.0,1,38.8446,1,26.6602
18.083333333333332,1,1254.4032,0,0.0,0,0.0,1,38.6557,1,27.2166
18.1,1,1254.9095,0,0.0,0,0.0,1,38.7887,1,27.3306
18.116666666666667,1,1254.08,0,0.0,0,0.0,1,38.0238,1,26.0017
18.133333333333333,1,1253.0637,0,0.0,0,0.0,1,37.9456,1,27.658
18.15,1,1253.3202,0,0.0,0,0.0,1,39.3155,1,27.6263
18.166666666666668,1,918.1479,0,0.0,0,0.0,1,41.8527,1,27.2638
18.183333333333334,1,1.6705,0,0.0,0,0.0,1,41.3007,1,26.378
18.2,1,1.6642,0,0.0,0,0.0,1,40.8829,1,27.3586
18.216666666666665,1,1.6313,0,0.0,0,0.0,1,40.8618,1,26.6517
18.233333333333334,1,1.6424,0,0.0,0,0.0,1,40.8357,1,27.4414
18.25,1,1.6373,0,0.0,0,0.0,1,38.8217,1,27.6019
18.266666666666666,1,1.6209,0,0.0,0,0.0,1,43.0429,1,26.7134
18.283333333333335,1,1.6329,0,0.0,0,0.0,1,46.412,1,25.899
18.3,1,1.5864,0,0.0,0,0.0,1,44.9796,1,26.5754
18.316666666666666,1,1.5828,0,0.0,0,0.0,1,46.2341,1,27.9747
18.333333333333332,1,1.5762,0,0.0,0,0.0,1,53.6404,1,27.1241
18.35,1,1.5862,0,0.0,0,0.0,1,46.5728,1,22.0319
18.366666666666667,1,1.5906,0,0.0,0,0.0,1,40.056,1,21.1257
18.383333333333333,1,1.5851,0,0.0,0,0.0,1,38.0983,1,21.3731
18.4,1,1.5839,0,0.0,0,0.0,1,38.6935,1,21.6822
18.416666666666668,1,1.5601,0,0.0,0,0.0,1,41.0222,1,22.6303
18.433333333333334,1,1.575,0,0.0,0,0.0,1,38.8976,1,26.6725
18.45,1,1.5809,0,0.0,0,0.0,1,39.0177,1,27.6212
18.466666666666665,1,1.5761,0,0.0,0,0.0,1,39.9103,1,27.1099
18.483333333333334,1,1.5888,0,0.0,0,0.0,1,39.4769,1,25.4753
18.5,1,1.5869,0,0.0,0,0.0,1,40.1518,1,27.2223
18.516666666666666,1,1.5736,0,0.0,0,0.0,1,38.4307,1,26.3067
18.533333333333335,1,1.5738,0,0.0,0,0.0,1,38.4447,1,26.9642
18.55,1,1.5782,0,0.0,0,0.0,1,38.2707,1,24.6969
18.566666666666666,1,1.554,0,0.0,0,0.0,1,37.6401,1,26.2632
18.583333333333332,1,1.5373,0,0.0,0,0.0,1,39.1876,1,26.5672
18.6,1,1.5799,0,0.0,0,0.0,1,38.7065,1,25.7106
18.616666666666667,1,1.5522,0,0.0,0,0.0,1,38.7265,1,26.0043
18.633333333333333,1,1.5535,0,0.0,0,0.0,1,39.4103,1,26.3471
18.65,1,1.5736,0,0.0,0,0.0,1,39.1956,1,27.2052
18.666666666666668,1,1.5283,0,0.0,0,0.0,1,39.0097,1,27.0522
18.683333333333334,1,1.6052,0,0.0,0,0.0,1,38.1171,1,26.9969
18.7,1,1.5885,0,0.0,0,0.0,1,38.9664,1,26.5219
18.716666666666665,1,1.583,0,0.0,0,0.0,1,39.7396,1,26.0492
18.733333333333334,1,1.5846,0,0.0,0,0.0,1,38.8477,1,27.7303
18.75,1,1.559,0,0.0,0,0.0,1,39.1139,1,26.7999
18.766666666666666,1,1.5687,0,0.0,0,0.0,1,38.9905,1,27.1519
18.783333333333335,1,1.5823,0,0.0,0,0.0,1,37.6049,1,26.1475
18.8,1,1.5629,0,0.0,0,0.0,1,39.0937,1,27.6004
18.816666666666666,1,1.5686,0,0.0,0,0.0,1,38.9736,1,26.9314
18.833333333333332,1,1.5597,0,0.0,0,0.0,1,38.0194,1,26.1499
18.85,1,1.5671,0,0.0,0,0.0,1,41.6427,1,26.6927
18.866666666666667,1,1.5817,0,0.0,0,0.0,1,42.9494,1,26.0331
18.883333333333333,1,1.5829,0,0.0,0,0.0,1,41.5363,1,27.1272
18.9,1,1.5815,0,0.0,0,0.0,1,39.3878,1,26.2028
18.916666666666668,1,1.5695,0,0.0,0,0.0,1,55.736,1,25.9471
18.933333333333334,1,1.5765,0,0.0,0,0.0,1,71.2884,1,25.5777
18.95,1,1.5762,0,0.0,0,0.0,1,39.4553,1,26.0894
18.966666666666665,1,1.5767,0,0.0,0,0.0,1,40.6108,1,26.9969
18.983333333333334,1,1.5503,0,0.0,0,0.0,1,40.3198,1,26.3889
19.0,1,1.5662,0,0.0,0,0.0,1,40.1243,1,25.8461
19.016666666666666,1,1.5862,0,0.0,0,0.0,1,39.0356,1,25.526
19.033333333333335,1,1.5961,0,0.0,0,0.0,1,39.1033,1,27.1609
19.05,1,1.5752,0,0.0,0,0.0,1,39.7894,1,26.8949
19.066666666666666,1,1.5941,0,0.0,0,0.0,1,37.9821,1,27.016
19.083333333333332,1,1.5775,0,0.0,0,0.0,1,37.854,1,25.8339
19.1,1,1.5901,0,0.0,0,0.0,1,38.4539,1,26.0078
19.116666666666667,1,1.5907,0,0.0,0,0.0,1,38.616,1,26.8582
19.133333333333333,1,1.5815,0,0.0,0,0.0,1,53.8232,1,27.0814
19.15,1,1.583,0,0.0,0,0.0,1,46.065,1,26.6342
19.166666666666668,1,1.5825,0,0.0,0,0.0,1,39.9832,1,25.5368
19.183333333333334,1,1.5675,0,0.0,0,0.0,1,41.187,1,25.1042
19.2,1,1.5916,0,0.0,0,0.0,1,44.9978,1,26.4275
19.216666666666665,1,1.5841,0,0.0,0,0.0,1,46.4116,1,26.0506
19.233333333333334,1,1.5894,0,0.0,0,0.0,1,48.3492,1,25.7646
19.25,1,1.5884,0,0.0,0,0.0,1,44.2018,1,26.3218
19.266666666666666,1,1.6339,0,0.0,0,0.0,1,39.2878,1,27.6901
19.283333333333335,1,1.5737,0,0.0,0,0.0,1,47.4549,1,26.2588
19.3,1,1.5981,0,0.0,0,0.0,1,47.0021,1,25.9785
19.316666666666666,1,1.5832,0,0.0,0,0.0,1,40.8,1,26.943
19.333333333333332,1,1.5912,0,0.0,0,0.0,1,38.8166,1,26.978
19.35,1,1.5907,0,0.0,0,0.0,1,37.241,1,20.4575
19.366666666666667,1,1.58,0,0.0,0,0.0,1,37.9627,1,25.345
19.383333333333333,1,1.5819,0,0.0,0,0.0,1,41.2527,1,21.7226
19.4,1,1.5764,0,0.0,0,0.0,1,37.9439,1,24.7569
19.416666666666668,1,1.562,0,0.0,0,0.0,1,38.4955,1,23.5888
19.433333333333334,1,1.5829,0,0.0,0,0.0,1,38.5728,1,26.7448
19.45,1,1.5764,0,0.0,0,0.0,1,70.5502,1,27.1978
19.466666666666665,1,1259.1384,0,0.0,0,0.0,1,56.7068,1,28.0346
19.483333333333334,1,1258.5544,0,0.0,0,0.0,1,43.5614,1,28.015
19.5,1,1258.4863,0,0.0,0,0.0,1,40.4654,1,27.2056
19.516666666666666,1,1255.9095,0,0.0,0,0.0,1,38.293,1,27.3164
19.533333333333335,1,1257.4978,0,0.0,0,0.0,1,38.0973,1,27.5117
19.55,1,1258.563,0,0.0,0,0.0,1,38.6936,1,26.8332
19.566666666666666,1,1259.2249,0,0.0,0,0.0,1,39.381,1,27.2628
19.583333333333332,1,1259.3544,0,0.0,0,0.0,1,39.3704,1,26.9669
19.6,1,1258.178,0,0.0,0,0.0,1,38.9761,1,26.86
19.616666666666667,1,1256.5811,0,0.0,0,0.0,1,38.5424,1,26.9846
19.633333333333333,1,1254.6534,0,0.0,0,0.0,1,40.9971,1,26.5621
19.65,1,1257.7415,0,0.0,0,0.0,1,38.9023,1,26.4269
19.666666666666668,1,1258.3508,0,0.0,0,0.0,1,39.0418,1,27.6854
19.683333333333334,1,1258.5157,0,0.0,0,0.0,1,39.9473,1,27.1272
19.7,1,1258.423,0,0.0,0,0.0,1,38.7087,1,26.6117
19.716666666666665,1,1256.4214,0,0.0,0,0.0,1,37.8846,1,25.9556
19.733333333333334,1,1254.9015,0,0.0,0,0.0,1,37.2989,1,26.734
19.75,1,1257.4125,0,0.0,0,0.0,1,38.0995,1,26.7804
19.766666666666666,1,1258.1505,0,0.0,0,0.0,1,38.2143,1,27.5863
19.783333333333335,1,1257.9968,0,0.0,0,0.0,1,38.0668,1,26.2853
19.8,1,1258.1147,0,0.0,0,0.0,1,38.1502,1,26.2062
19.816666666666666,1,1258.2532,0,0.0,0,0.0,1,38.7715,1,26.4596
19.833333333333332,1,1256.8564,0,0.0,0,0.0,1,38.3676,1,26.0726
19.85,1,1254.3392,0,0.0,0,0.0,1,38.4877,1,26.1382
19.866666666666667,1,1255.1281,0,0.0,0,0.0,1,43.422,1,26.2161
19.883333333333333,1,1257.4316,0,0.0,0,0.0,1,40.6224,1,26.4541
19.9,1,1257.5571,0,0.0,0,0.0,1,43.6151,1,26.4972
19.916666666666668,1,1256.8743,0,0.0,0,0.0,1,43.288,1,25.7761
19.933333333333334,1,1254.4924,0,0.0,0,0.0,1,41.8276,1,27.3255
19.95,1,1255.9675,0,0.0,0,0.0,1,39.6883,1,26.544
19.966666666666665,1,1.576,0,0.0,0,0.0,1,38.8522,1,27.3106
19.983333333333334,1,1.5717,0,0.0,0,0.0,1,37.4012,1,25.9569
20.0,1,1.5736,0,0.0,0,0.0,1,39.0334,1,25.8559
20.016666666666666,1,1.5793,0,0.0,0,0.0,1,39.7964,1,25.2071
20.033333333333335,1,1.5832,0,0.0,0,0.0,1,38.238,1,25.3471
20.05,1,1.5812,0,0.0,0,0.0,1,44.5827,1,25.7844
20.066666666666666,1,1.5674,0,0.0,0,0.0,1,39.6485,1,26.1207
20.083333333333332,1,1.6047,0,0.0,0,0.0,1,37.7889,1,26.4082
20.1,1,1.5901,0,0.0,0,0.0,1,37.2984,1,27.6138
20.116666666666667,1,1.5764,0,0.0,0,0.0,1,36.6028,1,26.3786
20.133333333333333,1,1.5816,0,0.0,0,0.0,1,38.2466,1,27.2759
20.15,1,1.5743,0,0.0,0,0.0,1,38.386,1,26.7701
20.166666666666668,1,1.5816,0,0.0,0,0.0,1,45.471,1,27.0711
20.183333333333334,1,1.5913,0,0.0,0,0.0,1,44.0419,1,25.6798
20.2,1,1.5755,0,0.0,0,0.0,1,39.0968,1,27.3329
20.216666666666665,1,1.5879,0,0.0,0,0.0,1,38.1704,1,26.1773
20.233333333333334,1,1.5893,0,0.0,0,0.0,1,37.1391,1,26.0823
20.25,1,1.5794,0,0.0,0,0.0,1,39.6368,1,26.2957
20.266666666666666,1,1.5833,0,0.0,0,0.0,1,41.3447,1,28.6353
20.283333333333335,1,1.5817,0,0.0,0,0.0,1,39.3425,1,26.224
20.3,1,1.5765,0,0.0,0,0.0,1,38.6353,1,27.4225
20.316666666666666,1,1.5743,0,0.0,0,0.0,1,51.1455,1,27.1068
20.333333333333332,1,1.5787,0,0.0,0,0.0,1,41.3947,1,27.8344
20.35,1,1.5892,0,0.0,0,0.0,1,39.5354,1,21.1241
20.366666666666667,1,1.5835,0,0.0,0,0.0,1,40.273,1,25.3
20.383333333333333,1,1.5751,0,0.0,0,0.0,1,38.3037,1,20.4401
20.4,1,1.5875,0,0.0,0,0.0,1,39.6854,1,22.3085
20.416666666666668,1,1.5977,0,0.0,0,0.0,1,43.9926,1,23.2145
20.433333333333334,1,1.5792,0,0.0,0,0.0,1,40.9734,1,23.5014
20.45,1,1.5828,0,0.0,0,0.0,1,42.1723,1,23.6884
20.466666666666665,1,1256.7593,0,0.0,0,0.0,1,42.6796,1,24.7457
20.483333333333334,1,1256.7058,0,0.0,0,0.0,1,39.5136,1,26.4456
20.5,1,1256.522,0,0.0,0,0.0,1,39.3772,1,27.2536
20.516666666666666,1,1256.3575,0,0.0,0,0.0,1,39.1113,1,26.0854
20.533333333333335,1,1253.7645,0,0.0,0,0.0,1,42.3701,1,26.7445
20.55,1,1253.9106,0,0.0,0,0.0,1,44.3643,1,26.0913
20.566666666666666,1,1256.0852,0,0.0,0,0.0,1,42.082,1,27.0694
20.583333333333332,1,1256.6868,0,0.0,0,0.0,1,41.5387,1,27.1581
20.6,1,1254.0417,0,0.0,0,0.0,1,38.7451,1,27.4141
20.616666666666667,1,1255.5024,0,0.0,0,0.0,1,39.35,1,27.5383
20.633333333333333,1,1253.7368,0,0.0,0,0.0,1,39.2782,1,27.995
20.65,1,1255.8887,0,0.0,0,0.0,1,38.4276,1,27.2892
20.666666666666668,1,1255.962,0,0.0,0,0.0,1,38.2867,1,28.4768
20.683333333333334,1,1255.907,0,0.0,0,0.0,1,37.8046,1,26.936
20.7,1,1256.224,0,0.0,0,0.0,1,38.9649,1,27.6676
20.716666666666665,1,1254.6196,0,0.0,0,0.0,1,39.4346,1,26.0702
20.733333333333334,1,1253.2224,0,0.0,0,0.0,1,38.7086,1,27.4946
20.75,1,1255.3871,0,0.0,0,0.0,1,38.0125,1,26.9956
20.766666666666666,1,1256.1982,0,0.0,0,0.0,1,39.01,1,26.4578
20.783333333333335,1,1255.243,0,0.0,0,0.0,1,41.0324,1,26.8721
20.8,1,1253.0289,0,0.0,0,0.0,1,39.5837,1,26.733
20.816666666666666,1,1254.3074,0,0.0,0,0.0,1,40.2174,1,27.0158
20.833333333333332,1,1256.1431,0,0.0,0,0.0,1,38.7762,1,26.0203
20.85,1,1256.2433,0,0.0,0,0.0,1,37.4263,1,25.8006
20.866666666666667,1,1255.9827,0,0.0,0,0.0,1,37.6141,1,27.6817
20.883333333333333,1,1253.9844,0,0.0,0,0.0,1,40.1954,1,27.1109
20.9,1,1254.314,0,0.0,0,0.0,1,37.5563,1,27.2484
20.916666666666668,1,1255.3495,0,0.0,0,0.0,1,38.3047,1,26.6622
20.933333333333334,1,1255.5935,0,0.0,0,0.0,1,38.3079,1,26.9855
20.95,1,1255.7987,0,0.0,0,0.0,1,38.2016,1,27.8727
20.966666666666665,1,1.5799,0,0.0,0,0.0,1,37.5112,1,26.3703
20.983333333333334,1,1.5668,0,0.0,0,0.0,1,38.5745,1,26.5852
21.0,1,1.4403,0,0.0,0,0.0,1,48.0383,1,26.1827
21.016666666666666,1,1.5819,0,0.0,0,0.0,1,44.787,1,27.2555
21.033333333333335,1,1.593,0,0.0,0,0.0,1,43.8838,1,27.4421
21.05,1,1.5881,0,0.0,0,0.0,1,45.3824,1,25.5431
21.066666666666666,1,1.603,0,0.0,0,0.0,1,47.0984,1,25.5274
21.083333333333332,1,1.5827,0,0.0,0,0.0,1,41.3092,1,25.5417
21.1,1,1.58,0,0.0,0,0.0,1,40.8445,1,25.5621
21.116666666666667,1,1.5794,0,0.0,0,0.0,1,38.0769,1,24.691
21.133333333333333,1,1.5934,0,0.0,0,0.0,1,39.5261,1,26.2438
21.15,1,1.5755,0,0.0,0,0.0,1,47.5399,1,23.9479
21.166666666666668,1,1.5907,0,0.0,0,0.0,1,51.8002,1,25.1833
21.183333333333334,1,1.597,0,0.0,0,0.0,1,50.3335,1,24.2647
21.2,1,1.6033,0,0.0,0,0.0,1,50.0851,1,25.3757
21.216666666666665,1,1.5806,0,0.0,0,0.0,1,50.3287,1,24.4827
21.233333333333334,1,1.5814,0,0.0,0,0.0,1,46.2761,1,24.8291
21.25,1,1.5764,0,0.0,0,0.0,1,45.7472,1,25.7933
21.266666666666666,1,1.5747,0,0.0,0,0.0,1,45.7185,1,25.8406
21.283333333333335,1,1.589,0,0.0,0,0.0,1,47.6332,1,26.6772
21.3,1,1.5961,0,0.0,0,0.0,1,46.5742,1,27.2508
21.316666666666666,1,1.5869,0,0.0,0,0.0,1,50.9343,1,25.4204
21.333333333333332,1,1.5705,0,0.0,0,0.0,1,55.9216,1,27.7872
21.35,1,1.5677,0,0.0,0,0.0,1,55.9989,1,24.7114
21.366666666666667,1,1.582,0,0.0,0,0.0,1,56.1257,1,24.5424
21.383333333333333,1,1.5945,0,0.0,0,0.0,1,51.6628,1,24.6343
21.4,1,1.5869,0,0.0,0,0.0,1,48.2499,1,26.82
21.416666666666668,1,1.6013,0,0.0,0,0.0,1,43.7222,1,26.5671
21.433333333333334,1,1.5953,0,0.0,0,0.0,1,42.4806,1,27.5006
21.45,1,1.5907,0,0.0,0,0.0,1,39.1583,1,25.5975
21.466666666666665,1,1.5931,0,0.0,0,0.0,1,38.8072,1,24.8658
21.483333333333334,1,1.5769,0,0.0,0,0.0,1,37.7209,1,26.7456
21.5,1,1.5629,0,0.0,0,0.0,1,38.2884,1,27.6165
21.516666666666666,1,1.6134,0,0.0,0,0.0,1,38.1125,1,24.3583
21.533333333333335,1,1.5898,0,0.0,0,0.0,1,38.0426,1,25.9209
21.55,1,1.5896,0,0.0,0,0.0,1,37.6728,1,25.9193
21.566666666666666,1,1.573,0,0.0,0,0.0,1,40.0707,1,25.4191
21.583333333333332,1,1.5795,0,0.0,0,0.0,1,46.85,1,25.6988
21.6,1,1.589,0,0.0,0,0.0,1,41.576,1,26.2301
21.616666666666667,1,1.5685,0,0.0,0,0.0,1,38.8893,1,26.1517
21.633333333333333,1,1.5961,0,0.0,0,0.0,1,37.5593,1,27.486
21.65,1,1.586,0,0.0,0,0.0,1,38.645,1,25.4707
21.666666666666668,1,1.5836,0,0.0,0,0.0,1,38.6084,1,25.7566
21.683333333333334,1,1.5745,0,0.0,0,0.0,1,38.0603,1,23.7435
21.7,1,1.5516,0,0.0,0,0.0,1,38.003,1,25.3129
21.716666666666665,1,1.5518,0,0.0,0,0.0,1,37.6329,1,23.4343
21.733333333333334,1,1.5969,0,0.0,0,0.0,1,38.393,1,24.1303
21.75,1,1.5894,0,0.0,0,0.0,1,36.7497,1,23.5516
21.766666666666666,1,1.5768,0,0.0,0,0.0,1,37.4488,1,24.4691
21.783333333333335,1,1.5907,0,0.0,0,0.0,1,38.6905,1,22.6349
21.8,1,1.5818,0,0.0,0,0.0,1,38.1819,1,22.9253
21.816666666666666,1,1.581,0,0.0,0,0.0,1,37.6033,1,25.2409
21.833333333333332,1,1.5882,0,0.0,0,0.0,1,37.3591,1,25.0824
21.85,1,1.5822,0,0.0,0,0.0,1,39.049,1,26.1762
21.866666666666667,1,1.5782,0,0.0,0,0.0,1,39.2647,1,27.2499
21.883333333333333,1,1.5913,0,0.0,0,0.0,1,42.7098,1,26.3218
21.9,1,1.5743,0,0.0,0,0.0,1,39.2596,1,27.0088
21.916666666666668,1,1.5932,0,0.0,0,0.0,1,38.0436,0,0.0
21.933333333333334,1,1.593,0,0.0,0,0.0,1,38.3148,0,0.0
21.95,1,1.5852,0,0.0,0,0.0,1,40.1067,0,0.0
21.966666666666665,1,1.5957,0,0.0,0,0.0,1,39.6989,0,0.0
21.983333333333334,1,1.5895,0,0.0,0,0.0,1,39.176,0,0.0
22.0,1,1.5576,0,0.0,0,0.0,1,38.47,0,0.0
22.016666666666666,1,1.7061,0,0.0,0,0.0,1,41.7963,0,0.0
22.033333333333335,1,1.9212,0,0.0,0,0.0,1,41.5508,0,0.0
22.05,1,1.5815,0,0.0,0,0.0,1,40.729,0,0.0
22.066666666666666,1,1.5946,0,0.0,0,0.0,1,40.3142,0,0.0
22.083333333333332,1,1.5822,0,0.0,0,0.0,1,40.1633,0,0.0
22.1,1,1.5776,0,0.0,0,0.0,1,37.5895,0,0.0
22.116666666666667,1,1.5849,0,0.0,0,0.0,1,39.0035,0,0.0
22.133333333333333,1,1.5973,0,0.0,0,0.0,1,37.9318,0,0.0
22.15,1,1.587,0,0.0,0,0.0,1,37.3414,0,0.0
22.166666666666668,1,1.5901,0,0.0,0,0.0,1,37.6899,0,0.0
22.183333333333334,1,1.6101,0,0.0,0,0.0,1,37.2993,0,0.0
22.2,1,1.5895,0,0.0,0,0.0,1,37.657,0,0.0
22.216666666666665,1,1.5908,0,0.0,0,0.0,1,38.5383,0,0.0
22.233333333333334,1,1.5862,0,0.0,0,0.0,1,38.2341,0,0.0
22.25,1,1.5797,0,0.0,0,0.0,1,37.2991,0,0.0
22.266666666666666,1,1.5917,0,0.0,0,0.0,1,38.7645,0,0.0
22.283333333333335,1,1.5823,0,0.0,0,0.0,1,37.6561,0,0.0
22.3,1,1.5752,0,0.0,0,0.0,1,37.9128,0,0.0
22.316666666666666,1,1.5957,0,0.0,0,0.0,1,38.6856,0,0.0
22.333333333333332,1,1.592,0,0.0,0,0.0,1,38.2906,0,0.0
22.35,1,1.6059,0,0.0,0,0.0,1,37.7569,0,0.0
22.366666666666667,1,1.5974,0,0.0,0,0.0,1,38.3225,0,0.0
22.383333333333333,1,1.5921,0,0.0,0,0.0,1,39.2185,0,0.0
22.4,1,1.5813,0,0.0,0,0.0,1,44.3548,0,0.0
22.416666666666668,1,1.5949,0,0.0,0,0.0,1,43.1597,0,0.0
22.433333333333334,1,1.5664,0,0.0,0,0.0,1,42.1476,0,0.0
22.45,1,1.5914,0,0.0,0,0.0,1,38.0445,0,0.0
22.466666666666665,1,1.5866,0,0.0,0,0.0,1,38.2235,0,0.0
22.483333333333334,1,1.5806,0,0.0,0,0.0,1,37.5416,0,0.0
22.5,1,1.5667,0,0.0,0,0.0,1,38.777,0,0.0
22.516666666666666,1,1.577,0,0.0,0,0.0,1,38.557,0,0.0
22.533333333333335,1,1.6662,0,0.0,0,0.0,1,40.2094,0,0.0
22.55,1,1.58,0,0.0,0,0.0,1,37.9323,0,0.0
22.566666666666666,1,1.5847,0,0.0,0,0.0,1,41.8539,0,0.0
22.583333333333332,1,1.6026,0,0.0,0,0.0,1,44.2906,0,0.0
22.6,1,1.5873,0,0.0,0,0.0,1,43.5408,0,0.0
22.616666666666667,1,1.5941,0,0.0,0,0.0,1,42.3335,0,0.0
22.633333333333333,1,1.6049,0,0.0,0,0.0,1,41.9918,0,0.0
22.65,1,1.5808,0,0.0,0,0.0,1,44.5964,0,0.0
22.666666666666668,1,1.5879,0,0.0,0,0.0,1,71.7965,0,0.0
22.683333333333334,1,1.5512,0,0.0,0,0.0,1,67.93,0,0.0
22.7,1,1.5721,0,0.0,0,0.0,1,60.1085,0,0.0
22.716666666666665,1,1.5911,0,0.0,0,0.0,1,42.8502,0,0.0
22.733333333333334,1,1.5856,0,0.0,0,0.0,1,40.3491,0,0.0
22.75,1,1.5735,0,0.0,0,0.0,1,41.947,0,0.0
22.766666666666666,1,1.5704,0,0.0,0,0.0,1,40.1234,0,0.0
22.783333333333335,1,1.5834,0,0.0,0,0.0,1,40.2232,0,0.0
22.8,1,1.5793,0,0.0,0,0.0,1,37.4343,0,0.0
22.816666666666666,1,1.5761,0,0.0,0,0.0,1,40.5989,0,0.0
22.833333333333332,1,1.5755,0,0.0,0,0.0,1,38.7845,0,0.0
22.85,1,1.4998,0,0.0,0,0.0,1,39.5713,0,0.0
22.866666666666667,1,1.5872,0,0.0,0,0.0,1,40.427,0,0.0
22.883333333333333,1,1.5877,0,0.0,0,0.0,1,40.4595,0,0.0
22.9,1,1.6007,0,0.0,0,0.0,1,39.8,0,0.0
22.916666666666668,1,1.5844,0,0.0,0,0.0,1,38.9843,0,0.0
22.933333333333334,1,1.6026,0,0.0,0,0.0,1,41.7344,0,0.0
22.95,1,1.5751,0,0.0,0,0.0,1,37.9141,0,0.0
22.966666666666665,1,1.5938,0,0.0,0,0.0,1,38.5738,0,0.0
22.983333333333334,1,1.5884,0,0.0,0,0.0,1,38.0309,0,0.0
23.0,1,1.5768,0,0.0,0,0.0,1,37.9204,0,0.0
23.016666666666666,1,1.5926,0,0.0,0,0.0,1,38.3667,0,0.0
23.033333333333335,1,1.5897,0,0.0,0,0.0,1,38.753,0,0.0
23.05,1,1.5969,0,0.0,0,0.0,1,38.2296,0,0.0
23.066666666666666,1,1.5966,0,0.0,0,0.0,1,38.7035,0,0.0
23.083333333333332,1,1.5762,0,0.0,0,0.0,1,44.3931,0,0.0
23.1,1,1.5872,0,0.0,0,0.0,1,42.6122,0,0.0
23.116666666666667,1,1.6061,0,0.0,0,0.0,1,42.0062,0,0.0
23.133333333333333,1,1.5913,0,0.0,0,0.0,1,41.6312,0,0.0
23.15,1,1.5842,0,0.0,0,0.0,1,47.4274,0,0.0
23.166666666666668,1,1.5993,0,0.0,0,0.0,1,40.1454,0,0.0
23.183333333333334,1,1.5883,0,0.0,0,0.0,1,38.1874,0,0.0
23.2,1,1.5909,0,0.0,0,0.0,1,38.9157,0,0.0
23.216666666666665,1,1.5828,0,0.0,0,0.0,1,55.4412,0,0.0
23.233333333333334,1,1.5865,0,0.0,0,0.0,1,68.9369,0,0.0
23.25,1,1.5902,0,0.0,0,0.0,1,70.5508,0,0.0
23.266666666666666,1,1.5943,0,0.0,0,0.0,1,57.814,0,0.0
23.283333333333335,1,1.5858,0,0.0,0,0.0,1,43.6615,0,0.0
23.3,1,1.5731,0,0.0,0,0.0,1,39.9032,0,0.0
23.316666666666666,1,1.5944,0,0.0,0,0.0,1,38.7373,0,0.0
23.333333333333332,1,1.5897,0,0.0,0,0.0,1,37.783,0,0.0
23.35,1,1.5815,0,0.0,0,0.0,1,38.7818,0,0.0
23.366666666666667,1,1.5707,0,0.0,0,0.0,1,38.7458,0,0.0
23.383333333333333,1,1.5886,0,0.0,0,0.0,1,37.8566,0,0.0
23.4,1,1.5859,0,0.0,0,0.0,1,37.6402,0,0.0
23.416666666666668,1,1.5924,0,0.0,0,0.0,1,40.2415,0,0.0
23.433333333333334,1,1.5883,0,0.0,0,0.0,1,39.8352,0,0.0
23.45,1,1.5843,0,0.0,0,0.0,1,43.1534,0,0.0
23.466666666666665,1,1.5922,0,0.0,0,0.0,1,40.2053,0,0.0
23.483333333333334,1,1.5754,0,0.0,0,0.0,1,40.4642,0,0.0
23.5,1,1.5919,0,0.0,0,0.0,1,51.8352,0,0.0
23.516666666666666,1,1.5834,0,0.0,0,0.0,1,44.625,0,0.0
23.533333333333335,1,1.5778,0,0.0,0,0.0,1,39.6038,0,0.0
23.55,1,1.5879,0,0.0,0,0.0,1,40.3026,0,0.0
23.566666666666666,1,1.6107,0,0.0,0,0.0,1,38.057,0,0.0
23.583333333333332,1,1.5854,0,0.0,0,0.0,1,45.3475,0,0.0
23.6,1,1.5931,0,0.0,0,0.0,1,46.1442,0,0.0
23.616666666666667,1,1.5669,0,0.0,0,0.0,1,39.1306,0,0.0
23.633333333333333,1,1.591,0,0.0,0,0.0,1,38.5554,0,0.0
23.65,1,1.5703,0,0.0,0,0.0,1,50.2962,0,0.0
23.666666666666668,1,1.5665,0,0.0,0,0.0,1,41.4326,0,0.0
23.683333333333334,1,1.5903,0,0.0,0,0.0,1,38.829,0,0.0
23.7,1,1.5814,0,0.0,0,0.0,1,38.6158,0,0.0
23.716666666666665,1,1.5791,0,0.0,0,0.0,1,38.0574,0,0.0
23.733333333333334,1,1.5857,0,0.0,0,0.0,1,39.2132,0,0.0
23.75,1,1.5819,0,0.0,0,0.0,1,39.8408,0,0.0
23.766666666666666,1,1.5809,0,0.0,0,0.0,1,37.7971,0,0.0
23.783333333333335,1,1.5921,0,0.0,0,0.0,1,42.7403,0,0.0
23.8,1,1.5836,0,0.0,0,0.0,1,53.2806,0,0.0
23.816666666666666,1,1.5674,0,0.0,0,0.0,1,44.7941,0,0.0
23.833333333333332,1,1.5959,0,0.0,0,0.0,1,39.3329,0,0.0
23.85,1,1.6072,0,0.0,0,0.0,1,39.257,0,0.0
23.866666666666667,1,1.5941,0,0.0,0,0.0,1,39.2614,0,0.0
23.883333333333333,1,1.5006,0,0.0,0,0.0,1,42.5804,0,0.0
23.9,1,1.5772,0,0.0,0,0.0,1,39.1847,0,0.0
23.916666666666668,1,1.5879,0,0.0,0,0.0,1,40.3293,0,0.0
23.933333333333334,1,1.5887,0,0.0,0,0.0,1,52.7611,0,0.0
23.95,1,1.581,0,0.0,0,0.0,1,38.6893,0,0.0
23.966666666666665,1,1.582,0,0.0,0,0.0,1,38.6238,0,0.0
23.983333333333334,1,1.5874,0,0.0,0,0.0,1,39.277,0,0.0
24.0,1,1.5548,0,0.0,0,0.0,1,40.6131,0,0.0
24.016666666666666,1,921.7292,0,0.0,0,0.0,1,40.5003,0,0.0
24.033333333333335,1,1274.3403,0,0.0,0,0.0,1,40.9525,0,0.0
24.05,1,1272.1289,0,0.0,0,0.0,1,40.1029,0,0.0
24.066666666666666,1,1273.467,0,0.0,0,0.0,1,37.421,0,0.0
24.083333333333332,1,1274.6133,0,0.0,0,0.0,1,37.5477,0,0.0
24.1,1,1274.7708,0,0.0,0,0.0,1,37.4646,0,0.0
24.116666666666667,1,1273.0907,0,0.0,0,0.0,1,42.4978,0,0.0
24.133333333333333,1,1271.6042,0,0.0,0,0.0,1,47.0913,0,0.0
24.15,1,1272.605,0,0.0,0,0.0,1,43.3209,0,0.0
24.166666666666668,1,1274.1876,0,0.0,0,0.0,1,39.6985,0,0.0
24.183333333333334,1,1274.0444,0,0.0,0,0.0,1,38.5708,0,0.0
24.2,1,1274.4502,0,0.0,0,0.0,0,0.0,0,0.0
24.216666666666665,1,1271.7268,0,0.0,0,0.0,0,0.0,1,17.6571
24.233333333333334,1,1273.509,0,0.0,0,0.0,0,0.0,1,17.3279
24.25,1,1271.7223,0,0.0,0,0.0,0,0.0,1,16.0176
24.266666666666666,1,1270.6576,0,0.0,0,0.0,0,0.0,1,15.3393
24.283333333333335,1,1272.9012,0,0.0,0,0.0,0,0.0,1,16.4989
24.3,1,1273.262,0,0.0,0,0.0,0,0.0,1,18.1974
24.316666666666666,1,1273.8754,0,0.0,0,0.0,0,0.0,1,18.886
24.333333333333332,1,1271.6772,0,0.0,0,0.0,0,0.0,1,18.7408
24.35,1,1268.8438,0,0.0,0,0.0,0,0.0,1,18.6995
24.366666666666667,1,1270.8733,0,0.0,0,0.0,0,0.0,1,18.5565
24.383333333333333,1,1273.3156,0,0.0,0,0.0,0,0.0,1,18.2856
24.4,1,1272.9325,0,0.0,0,0.0,0,0.0,1,17.9961
24.416666666666668,1,1270.4561,0,0.0,0,0.0,0,0.0,1,17.8859
24.433333333333334,1,1269.1177,0,0.0,0,0.0,0,0.0,1,18.1031
24.45,1,1269.5233,0,0.0,0,0.0,0,0.0,1,18.3409
24.466666666666665,1,1271.4304,0,0.0,0,0.0,0,0.0,1,18.0054
24.483333333333334,1,1271.4288,0,0.0,0,0.0,0,0.0,1,17.778
24.5,1,1271.66,0,0.0,0,0.0,0,0.0,1,17.74
24.516666666666666,1,1270.2428,0,0.0,0,0.0,0,0.0,1,18.3349
24.533333333333335,1,1267.7709,0,0.0,0,0.0,0,0.0,1,18.1875
24.55,1,1268.4985,0,0.0,0,0.0,0,0.0,1,19.3999
24.566666666666666,1,1272.2128,0,0.0,0,0.0,0,0.0,1,20.5347
24.583333333333332,1,1272.7767,0,0.0,0,0.0,0,0.0,1,19.1828
24.6,1,1271.4323,0,0.0,0,0.0,0,0.0,1,18.0003
24.616666666666667,1,1268.6339,0,0.0,0,0.0,0,0.0,1,17.4837
24.633333333333333,1,1269.7358,0,0.0,0,0.0,0,0.0,1,18.464
24.65,1,1272.3372,0,0.0,0,0.0,0,0.0,1,18.3082
24.666666666666668,1,1270.8372,0,0.0,0,0.0,0,0.0,1,17.7827
24.683333333333334,1,1270.7782,0,0.0,0,0.0,0,0.0,1,18.0729
24.7,1,1269.057,0,0.0,0,0.0,0,0.0,1,18.3721
24.716666666666665,1,1269.3586,0,0.0,0,0.0,0,0.0,1,17.8189
24.733333333333334,1,1271.5635,0,0.0,0,0.0,0,0.0,1,17.3802
24.75,1,1271.8054,0,0.0,0,0.0,0,0.0,1,17.262
24.766666666666666,1,1271.3182,0,0.0,0,0.0,0,0.0,1,17.968
24.783333333333335,1,1268.7477,0,0.0,0,0.0,0,0.0,1,16.6988
24.8,1,1268.5251,0,0.0,0,0.0,0,0.0,1,15.3503
24.816666666666666,1,1271.1577,0,0.0,0,0.0,0,0.0,1,15.5856
24.833333333333332,1,1271.1823,0,0.0,0,0.0,0,0.0,1,17.768
24.85,1,1270.6874,0,0.0,0,0.0,0,0.0,1,18.9616
24.866666666666667,1,1269.7604,0,0.0,0,0.0,0,0.0,1,18.5231
24.883333333333333,1,1268.4777,0,0.0,0,0.0,0,0.0,1,18.9142
24.9,1,1269.2137,0,0.0,0,0.0,0,0.0,1,19.0541
24.916666666666668,1,1270.0491,0,0.0,0,0.0,0,0.0,1,18.0758
24.933333333333334,1,1270.6831,0,0.0,0,0.0,0,0.0,1,17.8319
24.95,1,1271.0215,0,0.0,0,0.0,0,0.0,1,18.1186
24.966666666666665,1,1271.1215,0,0.0,0,0.0,0,0.0,1,18.1555
24.983333333333334,1,1268.6152,0,0.0,0,0.0,0,0.0,1,18.1408
25.0,1,1268.4701,0,0.0,0,0.0,0,0.0,1,18.0045
25.016666666666666,1,1271.9084,0,0.0,0,0.0,0,0.0,1,17.8923
25.033333333333335,1,1271.2648,0,0.0,0,0.0,0,0.0,1,17.9198
25.05,1,1271.8408,0,0.0,0,0.0,0,0.0,1,17.9818
25.066666666666666,1,1271.2544,0,0.0,0,0.0,0,0.0,1,17.9543
25.083333333333332,1,1269.3937,0,0.0,0,0.0,0,0.0,1,18.6799
25.1,1,1269.9462,0,0.0,0,0.0,0,0.0,1,20.3504
25.116666666666667,1,1271.4175,0,0.0,0,0.0,0,0.0,1,20.0664
25.133333333333333,1,1271.6912,0,0.0,0,0.0,0,0.0,1,18.6114
25.15,1,1269.1062,0,0.0,0,0.0,0,0.0,1,18.1649
25.166666666666668,1,1269.5416,0,0.0,0,0.0,0,0.0,1,18.2736
25.183333333333334,1,1271.3667,0,0.0,0,0.0,0,0.0,1,17.9204
25.2,1,1270.8821,0,0.0,0,0.0,0,0.0,1,18.3052
25.216666666666665,1,1269.6931,0,0.0,0,0.0,0,0.0,1,18.5806
25.233333333333334,1,1270.7483,0,0.0,0,0.0,0,0.0,1,17.8831
25.25,1,1271.1407,0,0.0,0,0.0,0,0.0,1,18.0413
25.266666666666666,1,1272.2679,0,0.0,0,0.0,0,0.0,1,18.2247
25.283333333333335,1,1271.708,0,0.0,0,0.0,0,0.0,1,17.5307
25.3,1,1270.7948,0,0.0,0,0.0,0,0.0,1,17.1583
25.316666666666666,1,1271.6205,0,0.0,0,0.0,0,0.0,1,17.4607
25.333333333333332,1,1271.799,0,0.0,0,0.0,0,0.0,1,16.3912
25.35,1,1271.6644,0,0.0,0,0.0,0,0.0,1,15.2437
25.366666666666667,1,1271.446,0,0.0,0,0.0,0,0.0,1,16.0118
25.383333333333333,1,1271.8907,0,0.0,0,0.0,0,0.0,1,18.1576
25.4,1,1271.418,0,0.0,0,0.0,0,0.0,1,19.3618
25.416666666666668,1,1271.5361,0,0.0,0,0.0,0,0.0,1,18.8734
25.433333333333334,1,1271.274,0,0.0,0,0.0,0,0.0,1,18.592
25.45,1,1270.6582,0,0.0,0,0.0,0,0.0,1,18.1255
25.466666666666665,1,1269.022,0,0.0,0,0.0,0,0.0,1,18.8
25.483333333333334,1,1269.6024,0,0.0,0,0.0,0,0.0,1,18.1363
25.5,1,1271.0598,0,0.0,0,0.0,0,0.0,1,17.4682
25.516666666666666,1,1270.0795,0,0.0,0,0.0,0,0.0,1,18.6507
25.533333333333335,1,1268.4921,0,0.0,0,0.0,0,0.0,1,18.1567
25.55,1,1270.4469,0,0.0,0,0.0,0,0.0,1,18.1455
25.566666666666666,1,1271.2869,0,0.0,0,0.0,0,0.0,1,17.4733
25.583333333333332,1,1271.3944,0,0.0,0,0.0,0,0.0,1,18.2191
25.6,0,0.0,0,0.0,0,0.0,0,0.0,1,18.4003
25.616666666666667,0,0.0,0,0.0,0,0.0,0,0.0,1,18.0535
25.633333333333333,0,0.0,0,0.0,0,0.0,0,0.0,1,19.5337
25.65,0,0.0,0,0.0,0,0.0,0,0.0,1,20.2852
25.666666666666668,0,0.0,0,0.0,0,0.0,0,0.0,1,19.834
25.683333333333334,0,0.0,0,0.0,0,0.0,0,0.0,1,18.1204
25.7,0,0.0,0,0.0,0,0.0,0,0.0,1,17.4195
25.716666666666665,0,0.0,0,0.0,0,0.0,0,0.0,1,17.9946
25.733333333333334,0,0.0,0,0.0,0,0.0,0,0.0,1,18.1462
25.75,0,0.0,0,0.0,0,0.0,0,0.0,1,18.2949
25.766666666666666,0,0.0,0,0.0,0,0.0,0,0.0,1,17.5251
25.783333333333335,0,0.0,0,0.0,0,0.0,0,0.0,1,18.4633
25.8,0,0.0,0,0.0,0,0.0,0,0.0,1,18.3045
25.816666666666666,0,0.0,0,0.0,0,0.0,0,0.0,1,17.556
25.833333333333332,0,0.0,0,0.0,0,0.0,0,0.0,1,17.406
25.85,0,0.0,0,0.0,0,0.0,0,0.0,1,17.6209
25.866666666666667,0,0.0,0,0.0,0,0.0,0,0.0,1,16.5151
25.883333333333333,0,0.0,0,0.0,0,0.0,0,0.0,1,15.8453
25.9,0,0.0,0,0.0,0,0.0,0,0.0,1,15.2292
25.916666666666668,0,0.0,0,0.0,0,0.0,0,0.0,1,17.3711
25.933333333333334,0,0.0,0,0.0,0,0.0,0,0.0,1,18.4334
25.95,0,0.0,0,0.0,0,0.0,0,0.0,1,19.3638
25.966666666666665,0,0.0,0,0.0,0,0.0,0,0.0,1,18.5792
25.983333333333334,0,0.0,0,0.0,0,0.0,0,0.0,1,18.8901
26.0,0,0.0,0,0.0,0,0.0,0,0.0,1,18.0012
26.016666666666666,0,0.0,0,0.0,0,0.0,0,0.0,1,18.3874
26.033333333333335,0,0.0,0,0.0,0,0.0,0,0.0,1,18.3138
26.05,0,0.0,0,0.0,0,0.0,0,0.0,1,17.6996
26.066666666666666,0,0.0,0,0.0,0,0.0,0,0.0,1,18.1134
26.083333333333332,0,0.0,0,0.0,0,0.0,0,0.0,1,18.1877
26.1,0,0.0,0,0.0,0,0.0,0,0.0,1,18.2609
26.116666666666667,0,0.0,0,0.0,0,0.0,0,0.0,1,17.1906
26.133333333333333,0,0.0,0,0.0,0,0.0,0,0.0,1,18.0523
26.15,0,0.0,0,0.0,0,0.0,0,0.0,1,18.4811
26.166666666666668,0,0.0,0,0.0,0,0.0,0,0.0,1,18.2099
26.183333333333334,0,0.0,0,0.0,0,0.0,0,0.0,1,20.0348
26.2,0,0.0,0,0.0,0,0.0,0,0.0,1,20.9866
26.216666666666665,0,0.0,0,0.0,0,0.0,0,0.0,1,18.8816
26.233333333333334,0,0.0,0,0.0,0,0.0,0,0.0,1,16.9812
26.25,0,0.0,0,0.0,0,0.0,0,0.0,1,18.3555
26.266666666666666,0,0.0,0,0.0,0,0.0,0,0.0,1,18.1109
26.283333333333335,0,0.0,0,0.0,0,0.0,0,0.0,1,17.5989
26.3,0,0.0,0,0.0,0,0.0,0,0.0,1,18.3285
26.316666666666666,0,0.0,0,0.0,0,0.0,0,0.0,1,18.2709
26.333333333333332,0,0.0,0,0.0,0,0.0,0,0.0,1,17.9348
26.35,0,0.0,0,0.0,0,0.0,0,0.0,1,17.8879
26.366666666666667,0,0.0,0,0.0,0,0.0,0,0.0,1,17.6341
26.383333333333333,0,0.0,0,0.0,0,0.0,0,0.0,1,17.6847
26.4,0,0.0,0,0.0,0,0.0,0,0.0,1,17.5965
26.416666666666668,0,0.0,0,0.0,0,0.0,0,0.0,1,16.0285
26.433333333333334,0,0.0,0,0.0,0,0.0,0,0.0,1,15.4303
26.45,0,0.0,0,0.0,0,0.0,0,0.0,1,15.8354
26.466666666666665,0,0.0,0,0.0,0,0.0,0,0.0,1,18.2852
26.483333333333334,0,0.0,0,0.0,0,0.0,0,0.0,1,19.2171
26.5,0,0.0,0,0.0,0,0.0,0,0.0,1,18.2124
26.516666666666666,0,0.0,0,0.0,0,0.0,0,0.0,1,19.1003
26.533333333333335,0,0.0,0,0.0,0,0.0,0,0.0,1,18.7101
26.55,0,0.0,0,0.0,0,0.0,0,0.0,1,18.2741
26.566666666666666,0,0.0,0,0.0,0,0.0,0,0.0,1,17.5049
26.583333333333332,0,0.0,0,0.0,0,0.0,0,0.0,1,18.6438
26.6,0,0.0,0,0.0,0,0.0,0,0.0,1,18.2247
26.616666666666667,0,0.0,0,0.0,0,0.0,0,0.0,1,17.7889
26.633333333333333,0,0.0,0,0.0,0,0.0,0,0.0,1,18.086
26.65,0,0.0,0,0.0,0,0.0,0,0.0,1,17.9017
26.666666666666668,0,0.0,0,0.0,0,0.0,0,0.0,1,17.7805
26.683333333333334,0,0.0,0,0.0,0,0.0,0,0.0,1,18.1965
26.7,0,0.0,0,0.0,0,0.0,0,0.0,1,17.9259
26.716666666666665,0,0.0,0,0.0,0,0.0,0,0.0,1,19.3496
26.733333333333334,0,0.0,0,0.0,0,0.0,0,0.0,1,20.9306
26.75,0,0.0,0,0.0,0,0.0,0,0.0,1,19.3856
26.766666666666666,0,0.0,0,0.0,0,0.0,0,0.0,1,18.3184
26.783333333333335,0,0.0,0,0.0,0,0.0,0,0.0,1,17.9019
26.8,0,0.0,0,0.0,0,0.0,0,0.0,1,18.2899
26.816666666666666,0,0.0,0,0.0,0,0.0,0,0.0,1,17.3835
26.833333333333332,0,0.0,0,0.0,0,0.0,0,0.0,1,18.1084
26.85,0,0.0,0,0.0,0,0.0,0,0.0,1,18.2427
26.866666666666667,0,0.0,0,0.0,0,0.0,0,0.0,1,17.9499
26.883333333333333,0,0.0,0,0.0,0,0.0,0,0.0,1,18.0327
26.9,0,0.0,0,0.0,0,0.0,0,0.0,1,18.1053
26.916666666666668,0,0.0,0,0.0,0,0.0,0,0.0,1,17.5385
26.933333333333334,0,0.0,0,0.0,0,0.0,0,0.0,1,17.3193
26.95,0,0.0,0,0.0,0,0.0,0,0.0,1,16.8663
26.966666666666665,0,0.0,0,0.0,0,0.0,0,0.0,1,15.9911
26.983333333333334,0,0.0,0,0.0,0,0.0,0,0.0,1,15.3167
27.0,0,0.0,0,0.0,0,0.0,0,0.0,1,16.7488
27.016666666666666,0,0.0,0,0.0,0,0.0,0,0.0,1,19.1596
27.033333333333335,0,0.0,0,0.0,0,0.0,0,0.0,1,19.0274
27.05,0,0.0,0,0.0,0,0.0,0,0.0,1,18.6377
27.066666666666666,0,0.0,0,0.0,0,0.0,0,0.0,1,18.6989
27.083333333333332,0,0.0,0,0.0,0,0.0,0,0.0,1,18.3799
27.1,0,0.0,0,0.0,0,0.0,0,0.0,1,18.1742
27.116666666666667,0,0.0,0,0.0,0,0.0,0,0.0,1,18.2167
27.133333333333333,0,0.0,0,0.0,0,0.0,0,0.0,1,17.8368
27.15,0,0.0,0,0.0,0,0.0,0,0.0,1,18.3096
27.166666666666668,0,0.0,0,0.0,0,0.0,0,0.0,1,18.145
27.183333333333334,0,0.0,0,0.0,0,0.0,0,0.0,1,17.9263
27.2,0,0.0,0,0.0,0,0.0,0,0.0,1,17.8333
27.216666666666665,0,0.0,0,0.0,0,0.0,0,0.0,1,17.4701
27.233333333333334,0,0.0,0,0.0,0,0.0,0,0.0,1,18.4925
27.25,0,0.0,0,0.0,0,0.0,0,0.0,1,18.8221
27.266666666666666,0,0.0,0,0.0,0,0.0,0,0.0,1,19.4963
27.283333333333335,0,0.0,0,0.0,0,0.0,0,0.0,1,20.961
27.3,0,0.0,0,0.0,0,0.0,0,0.0,1,19.1329
27.316666666666666,0,0.0,0,0.0,0,0.0,0,0.0,1,17.6835
27.333333333333332,0,0.0,0,0.0,0,0.0,0,0.0,1,18.0239
27.35,0,0.0,0,0.0,0,0.0,0,0.0,1,17.881
27.366666666666667,0,0.0,0,0.0,0,0.0,0,0.0,1,17.9036
27.383333333333333,0,0.0,0,0.0,0,0.0,0,0.0,1,17.7374
27.4,0,0.0,0,0.0,0,0.0,0,0.0,1,18.2893
27.416666666666668,0,0.0,0,0.0,0,0.0,0,0.0,1,18.5808
27.433333333333334,0,0.0,0,0.0,0,0.0,0,0.0,1,17.8552
27.45,0,0.0,0,0.0,0,0.0,0,0.0,1,17.1718
27.466666666666665,0,0.0,0,0.0,0,0.0,0,0.0,1,17.7561
27.483333333333334,0,0.0,0,0.0,0,0.0,0,0.0,1,17.7683
27.5,0,0.0,0,0.0,0,0.0,0,0.0,1,16.6423
27.516666666666666,0,0.0,0,0.0,0,0.0,0,0.0,1,15.0529
27.533333333333335,0,0.0,0,0.0,0,0.0,0,0.0,1,15.5336
27.55,0,0.0,0,0.0,0,0.0,0,0.0,1,18.2196
27.566666666666666,0,0.0,0,0.0,0,0.0,0,0.0,1,19.1254
27.583333333333332,0,0.0,0,0.0,0,0.0,0,0.0,1,18.8376
27.6,0,0.0,0,0.0,0,0.0,0,0.0,1,18.5782
27.616666666666667,0,0.0,0,0.0,0,0.0,0,0.0,1,19.0658
27.633333333333333,0,0.0,0,0.0,0,0.0,0,0.0,1,17.6274
27.65,0,0.0,0,0.0,0,0.0,0,0.0,1,18.0869
27.666666666666668,0,0.0,0,0.0,0,0.0,0,0.0,1,18.6533
27.683333333333334,0,0.0,0,0.0,0,0.0,0,0.0,1,17.9414
27.7,0,0.0,0,0.0,0,0.0,0,0.0,1,17.8873
27.716666666666665,0,0.0,0,0.0,0,0.0,0,0.0,1,18.0097
27.733333333333334,0,0.0,0,0.0,0,0.0,0,0.0,1,18.0649
27.75,0,0.0,0,0.0,0,0.0,0,0.0,1,18.0132
27.766666666666666,0,0.0,0,0.0,0,0.0,0,0.0,1,18.0972
27.783333333333335,0,0.0,0,0.0,0,0.0,0,0.0,1,17.783
27.8,0,0.0,0,0.0,0,0.0,0,0.0,1,19.2869
27.816666666666666,0,0.0,0,0.0,0,0.0,0,0.0,1,21.0517
27.833333333333332,0,0.0,0,0.0,0,0.0,0,0.0,1,19.8957
27.85,0,0.0,0,0.0,0,0.0,0,0.0,1,18.2394
27.866666666666667,0,0.0,0,0.0,0,0.0,0,0.0,1,17.5819
27.883333333333333,0,0.0,0,0.0,0,0.0,0,0.0,1,18.2108
27.9,0,0.0,0,0.0,0,0.0,0,0.0,1,18.0303
27.916666666666668,0,0.0,0,0.0,0,0.0,0,0.0,1,18.044
27.933333333333334,0,0.0,0,0.0,0,0.0,0,0.0,1,17.6624
27.95,0,0.0,0,0.0,0,0.0,0,0.0,1,18.5419
27.966666666666665,0,0.0,0,0.0,0,0.0,0,0.0,1,17.9478
27.983333333333334,0,0.0,0,0.0,0,0.0,0,0.0,1,17.9697
28.0,0,0.0,0,0.0,0,0.0,0,0.0,1,17.4688
28.016666666666666,0,0.0,0,0.0,0,0.0,0,0.0,1,17.2595
28.033333333333335,0,0.0,0,0.0,0,0.0,0,0.0,1,17.4094
28.05,0,0.0,0,0.0,0,0.0,0,0.0,1,16.0285
28.066666666666666,0,0.0,0,0.0,0,0.0,0,0.0,1,15.1304
28.083333333333332,0,0.0,0,0.0,0,0.0,0,0.0,1,16.5796
28.1,0,0.0,0,0.0,0,0.0,0,0.0,1,19.3241
28.116666666666667,0,0.0,0,0.0,0,0.0,0,0.0,1,18.6953
28.133333333333333,0,0.0,0,0.0,0,0.0,0,0.0,1,18.547
28.15,0,0.0,0,0.0,0,0.0,0,0.0,1,18.9249
28.166666666666668,0,0.0,0,0.0,0,0.0,0,0.0,1,18.2168
28.183333333333334,0,0.0,0,0.0,0,0.0,0,0.0,1,17.7769
28.2,0,0.0,0,0.0,0,0.0,0,0.0,1,18.4824
28.216666666666665,0,0.0,0,0.0,0,0.0,0,0.0,1,17.9989
28.233333333333334,0,0.0,0,0.0,0,0.0,0,0.0,1,17.9223
28.25,0,0.0,0,0.0,0,0.0,0,0.0,1,18.3838
28.266666666666666,0,0.0,0,0.0,0,0.0,0,0.0,1,17.9127
28.283333333333335,0,0.0,0,0.0,0,0.0,0,0.0,1,17.5944
28.3,0,0.0,0,0.0,0,0.0,0,0.0,1,18.2448
28.316666666666666,0,0.0,0,0.0,0,0.0,0,0.0,1,18.2167
28.333333333333332,0,0.0,0,0.0,0,0.0,0,0.0,1,17.997
28.35,0,0.0,0,0.0,0,0.0,0,0.0,1,20.0666
28.366666666666667,0,0.0,0,0.0,0,0.0,0,0.0,1,20.667
28.383333333333333,0,0.0,0,0.0,0,0.0,0,0.0,1,19.0868
28.4,0,0.0,0,0.0,0,0.0,0,0.0,1,17.1558
28.416666666666668,0,0.0,0,0.0,0,0.0,0,0.0,1,18.4208
28.433333333333334,0,0.0,0,0.0,0,0.0,0,0.0,1,17.8638
28.45,0,0.0,0,0.0,0,0.0,0,0.0,1,18.2847
28.466666666666665,0,0.0,0,0.0,0,0.0,0,0.0,1,17.6653
28.483333333333334,0,0.0,0,0.0,0,0.0,0,0.0,1,18.2208
28.5,0,0.0,0,0.0,0,0.0,0,0.0,1,18.565
28.516666666666666,0,0.0,0,0.0,0,0.0,0,0.0,1,17.7285
28.533333333333335,0,0.0,0,0.0,0,0.0,0,0.0,1,17.2888
28.55,0,0.0,0,0.0,0,0.0,0,0.0,1,17.8399
28.566666666666666,0,0.0,0,0.0,0,0.0,0,0.0,1,17.6636
28.583333333333332,0,0.0,0,0.0,0,0.0,0,0.0,1,16.0585
28.6,0,0.0,0,0.0,0,0.0,0,0.0,1,15.2901
28.616666666666667,0,0.0,0,0.0,0,0.0,0,0.0,1,16.3471
28.633333333333333,0,0.0,0,0.0,0,0.0,0,0.0,1,18.2475
28.65,0,0.0,0,0.0,0,0.0,0,0.0,1,19.1982
28.666666666666668,0,0.0,0,0.0,0,0.0,0,0.0,1,18.2369
28.683333333333334,0,0.0,0,0.0,0,0.0,0,0.0,1,19.0647
28.7,0,0.0,0,0.0,0,0.0,0,0.0,1,18.75
28.716666666666665,0,0.0,0,0.0,0,0.0,0,0.0,1,17.9489
28.733333333333334,0,0.0,0,0.0,0,0.0,0,0.0,1,18.0462
28.75,0,0.0,0,0.0,0,0.0,0,0.0,1,18.1862
28.766666666666666,0,0.0,0,0.0,0,0.0,0,0.0,1,18.0548
28.783333333333335,0,0.0,0,0.0,0,0.0,0,0.0,1,17.7935
28.8,0,0.0,0,0.0,0,0.0,0,0.0,1,18.6661
28.816666666666666,0,0.0,0,0.0,0,0.0,0,0.0,1,17.7139
28.833333333333332,0,0.0,0,0.0,0,0.0,0,0.0,1,17.6038
28.85,0,0.0,0,0.0,0,0.0,0,0.0,1,18.1489
28.866666666666667,0,0.0,0,0.0,0,0.0,0,0.0,1,18.5614
28.883333333333333,0,0.0,0,0.0,0,0.0,0,0.0,1,18.7783
28.9,0,0.0,0,0.0,0,0.0,0,0.0,1,20.6192
28.916666666666668,0,0.0,0,0.0,0,0.0,0,0.0,1,19.8918
28.933333333333334,0,0.0,0,0.0,0,0.0,0,0.0,1,18.0587
28.95,0,0.0,0,0.0,0,0.0,0,0.0,1,17.6695
28.966666666666665,0,0.0,0,0.0,0,0.0,0,0.0,1,18.0855
28.983333333333334,0,0.0,0,0.0,0,0.0,0,0.0,1,18.1072
29.0,0,0.0,0,0.0,0,0.0,0,0.0,1,17.6913
29.016666666666666,0,0.0,0,0.0,0,0.0,0,0.0,1,18.1654
29.033333333333335,0,0.0,0,0.0,0,0.0,0,0.0,1,18.2468
29.05,0,0.0,0,0.0,0,0.0,0,0.0,1,18.0072
29.066666666666666,0,0.0,0,0.0,0,0.0,0,0.0,1,17.9504
29.083333333333332,0,0.0,0,0.0,0,0.0,0,0.0,1,17.0722
29.1,0,0.0,0,0.0,0,0.0,0,0.0,1,17.5492
29.116666666666667,0,0.0,0,0.0,0,0.0,0,0.0,1,17.0566
29.133333333333333,0,0.0,0,0.0,0,0.0,0,0.0,1,15.8104
29.15,0,0.0,0,0.0,0,0.0,0,0.0,1,15.5608
29.166666666666668,0,0.0,0,0.0,0,0.0,0,0.0,1,16.7387
29.183333333333334,0,0.0,0,0.0,0,0.0,0,0.0,1,19.524
29.2,0,0.0,0,0.0,0,0.0,0,0.0,1,18.7751
29.216666666666665,0,0.0,0,0.0,0,0.0,0,0.0,1,18.2198
29.233333333333334,0,0.0,0,0.0,0,0.0,0,0.0,1,18.8385
29.25,0,0.0,0,0.0,0,0.0,0,0.0,1,18.7548
29.266666666666666,0,0.0,0,0.0,0,0.0,0,0.0,1,17.7274
29.283333333333335,0,0.0,0,0.0,0,0.0,0,0.0,1,17.9698
29.3,0,0.0,0,0.0,0,0.0,0,0.0,1,18.5533
29.316666666666666,0,0.0,0,0.0,0,0.0,0,0.0,1,18.1445
29.333333333333332,0,0.0,0,0.0,0,0.0,0,0.0,1,18.0048
29.35,0,0.0,0,0.0,0,0.0,0,0.0,1,17.4935
29.366666666666667,0,0.0,0,0.0,0,0.0,0,0.0,1,18.1014
29.383333333333333,0,0.0,0,0.0,0,0.0,0,0.0,1,17.93
29.4,0,0.0,0,0.0,0,0.0,0,0.0,1,17.9956
29.416666666666668,0,0.0,0,0.0,0,0.0,0,0.0,1,18.7872
29.433333333333334,0,0.0,0,0.0,0,0.0,0,0.0,1,20.2427
29.45,0,0.0,0,0.0,0,0.0,0,0.0,1,20.6382
29.466666666666665,0,0.0,0,0.0,0,0.0,0,0.0,1,18.7347
29.483333333333334,0,0.0,0,0.0,0,0.0,0,0.0,1,17.9502
29.5,0,0.0,0,0.0,0,0.0,0,0.0,1,18.1682
29.516666666666666,0,0.0,0,0.0,0,0.0,0,0.0,1,18.0636
29.533333333333335,0,0.0,0,0.0,0,0.0,0,0.0,1,17.7481
29.55,0,0.0,0,0.0,0,0.0,0,0.0,1,17.6857
29.566666666666666,0,0.0,0,0.0,0,0.0,0,0.0,1,18.8704
29.583333333333332,0,0.0,0,0.0,0,0.0,0,0.0,1,18.0453
29.6,0,0.0,0,0.0,0,0.0,0,0.0,1,18.0638
29.616666666666667,0,0.0,0,0.0,0,0.0,0,0.0,1,17.627
29.633333333333333,0,0.0,0,0.0,0,0.0,0,0.0,1,17.2798
29.65,0,0.0,0,0.0,0,0.0,0,0.0,1,17.6704
29.666666666666668,0,0.0,0,0.0,0,0.0,0,0.0,1,16.9082
29.683333333333334,0,0.0,0,0.0,0,0.0,0,0.0,1,15.8737
29.7,0,0.0,0,0.0,0,0.0,0,0.0,1,16.0533
29.716666666666665,0,0.0,0,0.0,0,0.0,0,0.0,1,18.2618
29.733333333333334,0,0.0,0,0.0,0,0.0,0,0.0,1,19.8501
29.75,0,0.0,0,0.0,0,0.0,1,43.2234,1,19.5299
29.766666666666666,0,0.0,0,0.0,0,0.0,1,40.5989,1,19.0938
29.783333333333335,0,0.0,0,0.0,0,0.0,1,42.1995,1,19.1088
29.8,0,0.0,0,0.0,0,0.0,1,42.3451,1,18.4255
29.816666666666666,0,0.0,0,0.0,0,0.0,1,42.3665,1,17.5828
29.833333333333332,0,0.0,0,0.0,0,0.0,1,33.8668,1,18.0379
29.85,0,0.0,0,0.0,0,0.0,1,37.4339,1,18.2153
29.866666666666667,0,0.0,0,0.0,0,0.0,1,38.4857,1,18.0856
29.883333333333333,0,0.0,0,0.0,0,0.0,1,35.7486,1,17.968
29.9,0,0.0,0,0.0,0,0.0,1,64.7837,1,18.1702
29.916666666666668,0,0.0,0,0.0,0,0.0,1,67.2471,1,17.8157
29.933333333333334,0,0.0,0,0.0,0,0.0,1,61.4455,1,17.5025
29.95,0,0.0,0,0.0,0,0.0,1,65.1839,1,18.7608
29.966666666666665,0,0.0,0,0.0,0,0.0,1,63.4672,1,18.6921
29.983333333333334,0,0.0,0,0.0,0,0.0,1,64.4726,1,20.0461
30.0,0,0.0,0,0.0,0,0.0,1,64.3337,1,20.5438
30.016666666666666,0,0.0,0,0.0,0,0.0,1,62.0528,1,18.459
30.033333333333335,0,0.0,0,0.0,0,0.0,1,64.8439,1,17.2804
30.05,0,0.0,0,0.0,0,0.0,1,62.6937,1,18.3403
30.066666666666666,0,0.0,0,0.0,0,0.0,1,61.6556,1,18.0997
30.083333333333332,0,0.0,0,0.0,0,0.0,1,61.2396,1,18.198
30.1,0,0.0,0,0.0,0,0.0,1,62.3758,1,17.8344
30.116666666666667,0,0.0,0,0.0,0,0.0,1,63.9165,1,18.5405
30.133333333333333,0,0.0,0,0.0,0,0.0,1,68.0145,1,18.3235
30.15,0,0.0,0,0.0,0,0.0,1,68.3891,1,17.2291
30.166666666666668,0,0.0,0,0.0,0,0.0,1,67.6942,1,18.0207
30.183333333333334,0,0.0,0,0.0,0,0.0,1,66.1494,1,17.7715
30.2,0,0.0,0,0.0,0,0.0,1,68.32,1,16.8925
30.216666666666665,0,0.0,0,0.0,0,0.0,1,63.638,1,16.3555
30.233333333333334,0,0.0,0,0.0,0,0.0,1,63.367,1,14.9896
30.25,0,0.0,0,0.0,0,0.0,1,61.8671,1,16.6744
30.266666666666666,0,0.0,0,0.0,0,0.0,1,67.8279,1,18.0423
30.283333333333335,0,0.0,0,0.0,0,0.0,1,61.8382,1,19.6219
30.3,0,0.0,0,0.0,0,0.0,1,63.3258,1,18.2751
30.316666666666666,0,0.0,0,0.0,0,0.0,1,64.4586,1,18.784
30.333333333333332,0,0.0,0,0.0,0,0.0,1,67.1077,1,19.2917
30.35,0,0.0,0,0.0,0,0.0,1,68.8332,1,17.8161
30.366666666666667,0,0.0,0,0.0,0,0.0,1,64.4965,1,17.9431
30.383333333333333,0,0.0,0,0.0,0,0.0,1,65.8319,1,18.1807
30.4,0,0.0,0,0.0,0,0.0,1,1.3992,1,18.4381
30.416666666666668,0,0.0,0,0.0,0,0.0,1,1.418,1,18.4227
30.433333333333334,0,0.0,0,0.0,0,0.0,1,1.418,1,18.2735
30.45,0,0.0,0,0.0,0,0.0,1,1.4309,1,18.3387
30.466666666666665,0,0.0,0,0.0,0,0.0,1,1.4117,1,18.4105
30.483333333333334,0,0.0,0,0.0,0,0.0,1,1.4164,1,19.2528
30.5,0,0.0,0,0.0,0,0.0,1,1.4262,1,18.6427
30.516666666666666,0,0.0,0,0.0,0,0.0,1,1.4192,1,20.3491
30.533333333333335,0,0.0,0,0.0,0,0.0,1,1.4192,1,21.3706
30.55,0,0.0,0,0.0,0,0.0,1,1.4236,1,18.7784
30.566666666666666,0,0.0,0,0.0,0,0.0,1,1.4279,1,18.1389
30.583333333333332,0,0.0,0,0.0,0,0.0,1,1.4326,1,18.1999
30.6,0,0.0,0,0.0,0,0.0,1,1.4147,1,17.7531
30.616666666666667,0,0.0,0,0.0,0,0.0,1,1.4467,1,17.7371
30.633333333333333,0,0.0,0,0.0,0,0.0,1,1.426,1,18.3696
30.65,0,0.0,0,0.0,0,0.0,1,1.4218,1,18.3341
30.666666666666668,0,0.0,0,0.0,0,0.0,1,1.4271,1,17.684
30.683333333333334,0,0.0,0,0.0,0,0.0,1,1.4249,1,18.2592
30.7,0,0.0,0,0.0,0,0.0,1,1.4284,1,18.0185
30.716666666666665,0,0.0,0,0.0,0,0.0,1,1.4408,1,17.0951
30.733333333333334,0,0.0,0,0.0,0,0.0,1,1.4407,1,17.7537
30.75,0,0.0,0,0.0,0,0.0,1,1.4471,1,16.93
30.766666666666666,0,0.0,0,0.0,0,0.0,1,0.8883,1,15.2091
30.783333333333335,0,0.0,0,0.0,0,0.0,1,1.3761,1,15.2424
30.8,0,0.0,0,0.0,0,0.0,1,1.4483,1,18.3186
30.816666666666666,0,0.0,0,0.0,0,0.0,1,1.447,1,19.4646
30.833333333333332,0,0.0,0,0.0,0,0.0,1,1.4362,1,18.089
30.85,0,0.0,0,0.0,0,0.0,1,1.4345,1,19.0944
30.866666666666667,0,0.0,0,0.0,0,0.0,1,1.4275,1,18.8207
30.883333333333333,0,0.0,0,0.0,0,0.0,1,1.4486,1,18.0135
30.9,0,0.0,0,0.0,0,0.0,1,1.4389,1,18.3164
30.916666666666668,0,0.0,0,0.0,0,0.0,1,1.4501,1,18.2311
30.933333333333334,0,0.0,0,0.0,0,0.0,1,1.419,1,17.7671
30.95,0,0.0,0,0.0,0,0.0,1,1.4516,1,18.1727
30.966666666666665,0,0.0,0,0.0,0,0.0,1,1.4639,1,18.3915
30.983333333333334,0,0.0,0,0.0,0,0.0,1,1.4607,1,17.7277
31.0,0,0.0,0,0.0,0,0.0,1,1.4486,1,17.4566
31.016666666666666,0,0.0,0,0.0,0,0.0,1,1.4246,1,18.5443
31.033333333333335,0,0.0,0,0.0,0,0.0,1,1.3456,1,17.9637
31.05,0,0.0,0,0.0,0,0.0,1,1.4251,1,18.7856
31.066666666666666,0,0.0,0,0.0,0,0.0,1,1.5122,1,20.7257
31.083333333333332,0,0.0,0,0.0,0,0.0,1,1.0191,1,20.2254
31.1,0,0.0,0,0.0,0,0.0,1,1.4448,1,18.7309
31.116666666666667,0,0.0,0,0.0,0,0.0,1,1.436,1,18.2873
31.133333333333333,0,0.0,0,0.0,0,0.0,1,1.437,1,17.8885
31.15,0,0.0,0,0.0,0,0.0,1,1.4409,1,17.7151
31.166666666666668,0,0.0,0,0.0,0,0.0,1,1.4605,1,18.1086
31.183333333333334,0,0.0,0,0.0,0,0.0,1,1.4281,1,18.244
31.2,0,0.0,0,0.0,0,0.0,1,1.4319,1,17.7822
31.216666666666665,0,0.0,0,0.0,0,0.0,1,1.429,1,18.3817
31.233333333333334,0,0.0,0,0.0,0,0.0,1,1.4221,1,17.834
31.25,0,0.0,0,0.0,0,0.0,1,1.4163,1,17.7141
31.266666666666666,0,0.0,0,0.0,0,0.0,1,1.423,1,17.5039
31.283333333333335,0,0.0,0,0.0,0,0.0,1,1.4195,1,17.7327
31.3,0,0.0,0,0.0,0,0.0,1,1.4259,1,16.1586
31.316666666666666,0,0.0,0,0.0,0,0.0,1,1.426,1,15.3693
31.333333333333332,0,0.0,0,0.0,0,0.0,1,1.4209,1,15.6027
31.35,0,0.0,0,0.0,0,0.0,1,1.4208,1,17.8112
31.366666666666667,0,0.0,0,0.0,0,0.0,1,1.4301,1,19.399
31.383333333333333,0,0.0,0,0.0,0,0.0,1,1.4201,1,18.5694
31.4,0,0.0,0,0.0,0,0.0,1,1.4347,1,18.9005
31.416666666666668,0,0.0,0,0.0,0,0.0,1,1.4355,1,18.6399
31.433333333333334,0,0.0,0,0.0,0,0.0,1,1.4375,1,18.3939
31.45,0,0.0,0,0.0,0,0.0,1,1.4392,1,18.1464
31.466666666666665,0,0.0,0,0.0,0,0.0,1,1.4311,1,17.8462
31.483333333333334,0,0.0,0,0.0,0,0.0,1,1.4006,1,18.1115
31.5,0,0.0,0,0.0,0,0.0,1,1.4317,1,18.2762
31.516666666666666,0,0.0,0,0.0,0,0.0,1,1.4358,1,17.8411
31.533333333333335,0,0.0,0,0.0,0,0.0,1,1.4261,1,17.834
31.55,0,0.0,0,0.0,0,0.0,1,1.3791,1,18.2701
31.566666666666666,0,0.0,0,0.0,0,0.0,1,1.4397,1,18.0088
31.583333333333332,0,0.0,0,0.0,0,0.0,1,1.6586,1,18.1658
31.6,0,0.0,0,0.0,0,0.0,1,1.6915,1,18.9558
31.616666666666667,0,0.0,0,0.0,0,0.0,1,1.4284,1,21.1033
31.633333333333333,0,0.0,0,0.0,0,0.0,1,1.4326,1,19.6641
31.65,0,0.0,0,0.0,0,0.0,1,1.4496,1,18.3462
31.666666666666668,0,0.0,0,0.0,0,0.0,1,1.4317,1,17.696
31.683333333333334,0,0.0,0,0.0,0,0.0,1,1.4281,1,17.9256
31.7,0,0.0,0,0.0,0,0.0,1,1.4295,1,18.2313
31.716666666666665,0,0.0,0,0.0,0,0.0,1,1.4389,1,17.9157
31.733333333333334,0,0.0,0,0.0,0,0.0,1,1.4347,1,18.0337
31.75,0,0.0,0,0.0,0,0.0,1,1.4325,1,18.182
31.766666666666666,0,0.0,0,0.0,0,0.0,1,1.4278,1,18.2447
31.783333333333335,0,0.0,0,0.0,0,0.0,1,1.4392,1,17.3716
31.8,0,0.0,0,0.0,0,0.0,1,1.4436,1,17.9429
31.816666666666666,0,0.0,0,0.0,0,0.0,1,1.4263,1,17.482
31.833333333333332,0,0.0,0,0.0,0,0.0,1,1.4342,1,16.6062
31.85,0,0.0,0,0.0,0,0.0,1,1.4424,1,16.3281
31.866666666666667,0,0.0,0,0.0,0,0.0,1,1.4366,1,15.4636
31.883333333333333,0,0.0,0,0.0,0,0.0,1,1.4436,1,17.0999
31.9,0,0.0,0,0.0,0,0.0,1,38.5464,1,18.5774
31.916666666666668,0,0.0,0,0.0,0,0.0,1,35.8664,1,19.1528
31.933333333333334,0,0.0,0,0.0,0,0.0,1,39.3792,1,18.4182
31.95,0,0.0,0,0.0,0,0.0,1,36.045,1,18.7843
31.966666666666665,0,0.0,0,0.0,0,0.0,1,35.6478,1,18.7187
31.983333333333334,0,0.0,0,0.0,0,0.0,1,37.3808,1,17.8132
32.0,0,0.0,0,0.0,0,0.0,1,35.3235,1,17.7988
32.016666666666666,0,0.0,0,0.0,0,0.0,1,31.3848,1,18.581
32.03333333333333,0,0.0,0,0.0,0,0.0,1,33.5819,1,18.1772
32.05,0,0.0,0,0.0,0,0.0,1,30.8079,1,17.6456
32.06666666666667,0,0.0,0,0.0,0,0.0,1,34.1778,1,18.1275
32.083333333333336,0,0.0,0,0.0,0,0.0,1,33.34,1,18.0072
32.1,0,0.0,0,0.0,0,0.0,1,34.1587,1,17.6452
32.11666666666667,0,0.0,0,0.0,0,0.0,1,37.6212,1,18.7068
32.13333333333333,0,0.0,0,0.0,0,0.0,1,39.8313,1,18.6079
32.15,0,0.0,0,0.0,0,0.0,1,36.5782,1,19.1774
32.166666666666664,0,0.0,0,0.0,0,0.0,1,38.5975,1,20.1983
32.18333333333333,0,0.0,0,0.0,0,0.0,1,34.2997,1,19.2235
32.2,0,0.0,0,0.0,0,0.0,1,35.6976,1,17.2519
32.21666666666667,0,0.0,0,0.0,0,0.0,1,31.4797,1,18.4364
32.233333333333334,0,0.0,0,0.0,0,0.0,1,36.1593,1,18.0374
32.25,0,0.0,0,0.0,0,0.0,1,36.0566,1,17.7322
32.266666666666666,0,0.0,0,0.0,0,0.0,1,36.3218,1,18.3216
32.28333333333333,0,0.0,0,0.0,0,0.0,1,37.5306,1,17.8866
32.3,0,0.0,0,0.0,0,0.0,1,39.9918,1,17.9146
32.31666666666667,0,0.0,0,0.0,0,0.0,1,37.5541,1,18.2313
32.333333333333336,0,0.0,0,0.0,0,0.0,1,36.143,1,18.3949
32.35,0,0.0,0,0.0,0,0.0,1,37.4363,1,18.1416
32.36666666666667,0,0.0,0,0.0,0,0.0,1,37.1076,1,17.668
32.38333333333333,0,0.0,0,0.0,0,0.0,1,36.1262,1,17.6346
32.4,0,0.0,0,0.0,0,0.0,1,1.4356,1,15.6248
32.416666666666664,0,0.0,0,0.0,0,0.0,1,1.4428,1,16.9443
32.43333333333333,0,0.0,0,0.0,0,0.0,1,1.4198,1,18.7174
32.45,0,0.0,0,0.0,0,0.0,1,1.4415,1,19.2063
32.46666666666667,0,0.0,0,0.0,0,0.0,1,1.4459,1,18.7312
32.483333333333334,0,0.0,0,0.0,0,0.0,1,1.4378,1,19.1624
32.5,0,0.0,0,0.0,0,0.0,1,1.4646,1,18.4527
32.516666666666666,0,0.0,0,0.0,0,0.0,1,1.4346,1,18.0651
32.53333333333333,0,0.0,0,0.0,0,0.0,1,1.4542,1,18.0467
32.55,0,0.0,0,0.0,0,0.0,1,1.4025,1,18.3319
32.56666666666667,0,0.0,0,0.0,0,0.0,1,1.4313,1,18.1306
32.583333333333336,0,0.0,0,0.0,0,0.0,1,1.425,1,17.8358
32.6,0,0.0,0,0.0,0,0.0,1,1.4452,1,18.3914
32.61666666666667,0,0.0,0,0.0,0,0.0,1,1.4318,1,17.8402
32.63333333333333,0,0.0,0,0.0,0,0.0,1,1.4549,1,18.2352
32.65,0,0.0,0,0.0,0,0.0,1,1.4461,1,18.0312
32.666666666666664,0,0.0,0,0.0,0,0.0,1,1.4452,1,18.0732
32.68333333333333,0,0.0,0,0.0,0,0.0,1,1.4457,1,19.4525
32.7,0,0.0,0,0.0,0,0.0,1,1.4419,1,19.9809
32.71666666666667,0,0.0,0,0.0,0,0.0,1,1.4554,1,19.1119
32.733333333333334,0,0.0,0,0.0,0,0.0,1,1.446,1,18.1515
32.75,0,0.0,0,0.0,0,0.0,1,1.4366,1,18.155
32.766666666666666,0,0.0,0,0.0,0,0.0,1,1.4437,1,17.4819
32.78333333333333,0,0.0,0,0.0,0,0.0,1,1.4628,1,18.4287
32.8,0,0.0,0,0.0,0,0.0,1,1.8609,1,18.3187
32.81666666666667,0,0.0,0,0.0,0,0.0,1,1.6205,1,17.8451
32.833333333333336,0,0.0,0,0.0,0,0.0,1,1.4364,1,17.8986
32.85,0,0.0,0,0.0,0,0.0,1,1.466,1,18.427
32.86666666666667,0,0.0,0,0.0,0,0.0,1,1.4446,1,17.5711
32.88333333333333,0,0.0,0,0.0,0,0.0,1,1.4339,1,17.7417
32.9,0,0.0,0,0.0,0,0.0,1,64.9873,0,0.0
32.916666666666664,0,0.0,0,0.0,0,0.0,1,67.7357,0,0.0
32.93333333333333,0,0.0,0,0.0,0,0.0,1,64.5695,0,0.0
32.95,0,0.0,0,0.0,0,0.0,1,73.8011,0,0.0
32.96666666666667,0,0.0,0,0.0,0,0.0,1,71.2229,0,0.0
32.983333333333334,0,0.0,0,0.0,0,0.0,1,64.2724,0,0.0
33.0,0,0.0,0,0.0,0,0.0,1,61.6652,0,0.0
33.016666666666666,0,0.0,0,0.0,0,0.0,1,62.9589,0,0.0
33.03333333333333,0,0.0,0,0.0,0,0.0,1,64.6762,0,0.0
33.05,0,0.0,0,0.0,0,0.0,1,67.9049,0,0.0
33.06666666666667,0,0.0,0,0.0,0,0.0,1,63.9255,0,0.0
33.083333333333336,0,0.0,0,0.0,0,0.0,1,64.9103,0,0.0
33.1,0,0.0,0,0.0,0,0.0,1,65.1119,0,0.0
33.11666666666667,0,0.0,0,0.0,0,0.0,1,67.9789,0,0.0
33.13333333333333,0,0.0,0,0.0,0,0.0,1,66.4236,0,0.0
33.15,0,0.0,0,0.0,0,0.0,1,63.4353,0,0.0
33.166666666666664,0,0.0,0,0.0,0,0.0,1,64.6234,0,0.0
33.18333333333333,0,0.0,0,0.0,0,0.0,1,63.8061,0,0.0
33.2,0,0.0,0,0.0,0,0.0,1,63.9387,0,0.0
33.21666666666667,0,0.0,0,0.0,0,0.0,1,61.1133,0,0.0
33.233333333333334,0,0.0,0,0.0,0,0.0,1,65.1866,0,0.0
33.25,0,0.0,0,0.0,0,0.0,1,64.5981,0,0.0
33.266666666666666,0,0.0,0,0.0,0,0.0,1,63.4338,0,0.0
33.28333333333333,0,0.0,0,0.0,0,0.0,1,63.5783,0,0.0
33.3,0,0.0,0,0.0,0,0.0,1,62.499,0,0.0
33.31666666666667,0,0.0,0,0.0,0,0.0,1,59.9749,0,0.0
33.333333333333336,0,0.0,0,0.0,0,0.0,1,64.1662,0,0.0
33.35,0,0.0,0,0.0,0,0.0,1,62.2113,0,0.0
33.36666666666667,0,0.0,0,0.0,0,0.0,1,63.6654,0,0.0
33.38333333333333,0,0.0,0,0.0,0,0.0,1,62.8254,0,0.0
33.4,0,0.0,0,0.0,0,0.0,1,66.1459,0,0.0
33.416666666666664,0,0.0,0,0.0,0,0.0,1,64.6458,0,0.0
33.43333333333333,0,0.0,0,0.0,0,0.0,1,66.3357,0,0.0
33.45,0,0.0,0,0.0,0,0.0,1,67.409,0,0.0
33.46666666666667,0,0.0,0,0.0,0,0.0,1,64.8864,0,0.0
33.483333333333334,0,0.0,0,0.0,0,0.0,1,66.6003,0,0.0
33.5,0,0.0,0,0.0,0,0.0,1,65.5733,0,0.0
33.516666666666666,0,0.0,0,0.0,0,0.0,1,63.6878,0,0.0
33.53333333333333,0,0.0,0,0.0,0,0.0,1,64.5088,0,0.0
33.55,0,0.0,0,0.0,0,0.0,1,64.665,0,0.0
33.56666666666667,0,0.0,0,0.0,0,0.0,1,63.2653,0,0.0
33.583333333333336,0,0.0,0,0.0,0,0.0,1,63.9781,0,0.0
33.6,0,0.0,0,0.0,0,0.0,1,65.6562,0,0.0
33.61666666666667,0,0.0,0,0.0,0,0.0,1,66.373,0,0.0
33.63333333333333,0,0.0,0,0.0,0,0.0,1,61.1376,0,0.0
33.65,0,0.0,0,0.0,0,0.0,1,63.7098,0,0.0
33.666666666666664,0,0.0,0,0.0,0,0.0,1,62.9613,0,0.0
33.68333333333333,0,0.0,0,0.0,0,0.0,1,64.2266,0,0.0
33.7,0,0.0,0,0.0,0,0.0,1,62.9225,0,0.0
33.71666666666667,0,0.0,0,0.0,0,0.0,1,62.6893,0,0.0
33.733333333333334,0,0.0,0,0.0,0,0.0,1,63.1213,0,0.0
33.75,0,0.0,0,0.0,0,0.0,1,62.9758,0,0.0
33.766666666666666,0,0.0,0,0.0,0,0.0,1,64.8712,0,0.0
33.78333333333333,0,0.0,0,0.0,0,0.0,1,65.7868,0,0.0
33.8,0,0.0,0,0.0,0,0.0,1,62.8732,0,0.0
33.81666666666667,0,0.0,0,0.0,0,0.0,1,64.1113,0,0.0
33.833333333333336,0,0.0,0,0.0,0,0.0,1,59.6398,0,0.0
33.85,0,0.0,0,0.0,0,0.0,1,64.0016,0,0.0
33.86666666666667,0,0.0,0,0.0,0,0.0,1,64.2626,0,0.0
33.88333333333333,0,0.0,0,0.0,0,0.0,1,66.0388,0,0.0
33.9,0,0.0,0,0.0,0,0.0,1,1.4145,0,0.0
33.916666666666664,0,0.0,0,0.0,0,0.0,1,1.4434,0,0.0
33.93333333333333,0,0.0,0,0.0,0,0.0,1,1.4265,0,0.0
33.95,0,0.0,0,0.0,0,0.0,1,1.4161,0,0.0
33.96666666666667,0,0.0,0,0.0,0,0.0,1,1.4409,0,0.0
33.983333333333334,0,0.0,0,0.0,0,0.0,1,1.4413,0,0.0
34.0,0,0.0,0,0.0,0,0.0,1,1.4403,0,0.0
34.016666666666666,0,0.0,0,0.0,0,0.0,1,1.4417,0,0.0
34.03333333333333,0,0.0,0,0.0,0,0.0,1,1.4426,0,0.0
34.05,0,0.0,0,0.0,0,0.0,1,1.445,0,0.0
34.06666666666667,0,0.0,0,0.0,0,0.0,1,1.4397,0,0.0
34.083333333333336,0,0.0,0,0.0,0,0.0,1,1.4264,0,0.0
34.1,0,0.0,0,0.0,0,0.0,1,1.4728,0,0.0
34.11666666666667,0,0.0,0,0.0,0,0.0,1,1.4548,0,0.0
34.13333333333333,0,0.0,0,0.0,0,0.0,1,1.4313,0,0.0
34.15,0,0.0,0,0.0,0,0.0,1,1.4781,0,0.0
34.166666666666664,0,0.0,0,0.0,0,0.0,1,1.4361,0,0.0
34.18333333333333,0,0.0,0,0.0,0,0.0,1,1.4368,0,0.0
34.2,0,0.0,0,0.0,0,0.0,1,1.4267,0,0.0
34.21666666666667,0,0.0,0,0.0,0,0.0,1,1.4447,0,0.0
34.233333333333334,0,0.0,0,0.0,0,0.0,1,1.4281,0,0.0
34.25,0,0.0,0,0.0,0,0.0,1,1.4218,0,0.0
34.266666666666666,0,0.0,0,0.0,0,0.0,1,1.4275,0,0.0
34.28333333333333,0,0.0,0,0.0,0,0.0,1,1.439,0,0.0
34.3,0,0.0,0,0.0,0,0.0,1,1.4256,0,0.0
34.31666666666667,0,0.0,0,0.0,0,0.0,1,1.4274,0,0.0
34.333333333333336,0,0.0,0,0.0,0,0.0,1,1.4215,0,0.0
34.35,0,0.0,0,0.0,0,0.0,1,1.4561,0,0.0
34.36666666666667,0,0.0,0,0.0,0,0.0,1,1.4311,0,0.0
34.38333333333333,0,0.0,0,0.0,0,0.0,1,1.4182,0,0.0
34.4,0,0.0,0,0.0,0,0.0,1,65.365,0,0.0
34.416666666666664,0,0.0,0,0.0,0,0.0,1,61.5761,0,0.0
34.43333333333333,0,0.0,0,0.0,0,0.0,1,62.7997,0,0.0
34.45,0,0.0,0,0.0,0,0.0,1,61.598,0,0.0
34.46666666666667,0,0.0,0,0.0,0,0.0,1,66.1718,0,0.0
34.483333333333334,0,0.0,0,0.0,0,0.0,1,67.1021,0,0.0
34.5,0,0.0,0,0.0,0,0.0,1,68.1819,0,0.0
34.516666666666666,0,0.0,0,0.0,0,0.0,1,66.1901,0,0.0
34.53333333333333,0,0.0,0,0.0,0,0.0,1,64.2314,0,0.0
34.55,0,0.0,0,0.0,0,0.0,1,64.9063,0,0.0
34.56666666666667,0,0.0,0,0.0,0,0.0,1,63.8441,0,0.0
34.583333333333336,0,0.0,0,0.0,0,0.0,1,64.1418,0,0.0
34.6,0,0.0,0,0.0,0,0.0,1,63.8537,0,0.0
34.61666666666667,0,0.0,0,0.0,0,0.0,1,62.6216,0,0.0
34.63333333333333,0,0.0,0,0.0,0,0.0,1,61.7225,0,0.0
34.65,0,0.0,0,0.0,0,0.0,1,60.8618,0,0.0
34.666666666666664,0,0.0,0,0.0,0,0.0,1,63.2586,0,0.0
34.68333333333333,0,0.0,0,0.0,0,0.0,1,66.7012,0,0.0
34.7,0,0.0,0,0.0,0,0.0,1,66.7259,0,0.0
34.71666666666667,0,0.0,0,0.0,0,0.0,1,63.6171,0,0.0
34.733333333333334,0,0.0,0,0.0,0,0.0,1,63.5291,0,0.0
34.75,0,0.0,0,0.0,0,0.0,1,64.8258,0,0.0
34.766666666666666,0,0.0,0,0.0,0,0.0,1,63.9953,0,0.0
34.78333333333333,0,0.0,0,0.0,0,0.0,1,63.5371,0,0.0
34.8,0,0.0,0,0.0,0,0.0,1,65.4499,0,0.0
34.81666666666667,0,0.0,0,0.0,0,0.0,1,63.97,0,0.0
34.833333333333336,0,0.0,0,0.0,0,0.0,1,67.7522,0,0.0
34.85,0,0.0,0,0.0,0,0.0,1,66.1524,0,0.0
34.86666666666667,0,0.0,0,0.0,0,0.0,1,65.0697,0,0.0
34.88333333333333,0,0.0,0,0.0,0,0.0,1,61.6736,0,0.0
34.9,0,0.0,0,0.0,0,0.0,1,1.4216,0,0.0
34.916666666666664,0,0.0,0,0.0,0,0.0,1,1.4245,0,0.0
34.93333333333333,0,0.0,0,0.0,0,0.0,1,1.424,0,0.0
34.95,0,0.0,0,0.0,0,0.0,1,1.4279,0,0.0
34.96666666666667,0,0.0,0,0.0,0,0.0,1,1.425,0,0.0
34.983333333333334,0,0.0,0,0.0,0,0.0,1,1.4387,0,0.0
35.0,0,0.0,0,0.0,0,0.0,1,1.4233,0,0.0
35.016666666666666,0,0.0,0,0.0,0,0.0,1,1.4304,0,0.0
35.03333333333333,0,0.0,0,0.0,0,0.0,1,1.4232,0,0.0
35.05,0,0.0,0,0.0,0,0.0,1,1.4423,0,0.0
35.06666666666667,0,0.0,0,0.0,0,0.0,1,1.4241,0,0.0
35.083333333333336,0,0.0,0,0.0,0,0.0,1,1.4174,0,0.0
35.1,0,0.0,0,0.0,0,0.0,1,1.4197,0,0.0
35.11666666666667,0,0.0,0,0.0,0,0.0,1,1.4243,0,0.0
35.13333333333333,0,0.0,0,0.0,0,0.0,1,1.4329,0,0.0
35.15,0,0.0,0,0.0,0,0.0,1,1.4223,0,0.0
35.166666666666664,0,0.0,0,0.0,0,0.0,1,1.4376,0,0.0
35.18333333333333,0,0.0,0,0.0,0,0.0,1,1.4298,0,0.0
35.2,0,0.0,0,0.0,0,0.0,1,1.433,0,0.0
35.21666666666667,0,0.0,0,0.0,0,0.0,1,1.4212,0,0.0
35.233333333333334,0,0.0,0,0.0,0,0.0,1,1.4149,0,0.0
35.25,0,0.0,0,0.0,0,0.0,1,0.8228,0,0.0
35.266666666666666,0,0.0,0,0.0,0,0.0,1,1.3246,0,0.0
35.28333333333333,0,0.0,0,0.0,0,0.0,1,1.4193,0,0.0
35.3,0,0.0,0,0.0,0,0.0,1,1.4489,0,0.0
35.31666666666667,0,0.0,0,0.0,0,0.0,1,1.4141,0,0.0
35.333333333333336,0,0.0,0,0.0,0,0.0,1,1.4251,0,0.0
35.35,0,0.0,0,0.0,0,0.0,1,1.4543,0,0.0
35.36666666666667,0,0.0,0,0.0,0,0.0,1,1.3736,0,0.0
35.38333333333333,0,0.0,0,0.0,0,0.0,1,1.4137,0,0.0
35.4,0,0.0,0,0.0,0,0.0,1,63.1101,0,0.0
35.416666666666664,0,0.0,0,0.0,0,0.0,1,64.3096,0,0.0
35.43333333333333,0,0.0,0,0.0,0,0.0,1,65.5541,0,0.0
35.45,0,0.0,0,0.0,0,0.0,1,61.2435,0,0.0
35.46666666666667,0,0.0,0,0.0,0,0.0,1,60.8224,0,0.0
35.483333333333334,0,0.0,0,0.0,0,0.0,1,61.385,0,0.0
35.5,0,0.0,0,0.0,0,0.0,1,66.1628,0,0.0
35.516666666666666,0,0.0,0,0.0,0,0.0,1,65.1279,0,0.0
35.53333333333333,0,0.0,0,0.0,0,0.0,1,64.2148,0,0.0
35.55,0,0.0,0,0.0,0,0.0,1,65.881,0,0.0
35.56666666666667,0,0.0,0,0.0,0,0.0,1,65.6876,0,0.0
35.583333333333336,0,0.0,0,0.0,0,0.0,1,64.4023,0,0.0
35.6,0,0.0,0,0.0,0,0.0,1,61.2876,0,0.0
35.61666666666667,0,0.0,0,0.0,0,0.0,1,64.9732,0,0.0
35.63333333333333,0,0.0,0,0.0,0,0.0,1,61.4856,0,0.0
35.65,0,0.0,0,0.0,0,0.0,1,62.5406,0,0.0
35.666666666666664,0,0.0,0,0.0,0,0.0,1,60.985,0,0.0
35.68333333333333,0,0.0,0,0.0,0,0.0,1,64.0022,0,0.0
35.7,0,0.0,0,0.0,0,0.0,1,63.1674,0,0.0
35.71666666666667,0,0.0,0,0.0,0,0.0,1,62.4279,0,0.0
35.733333333333334,0,0.0,0,0.0,0,0.0,1,62.7368,0,0.0
35.75,0,0.0,0,0.0,0,0.0,1,64.0443,0,0.0
35.766666666666666,0,0.0,0,0.0,0,0.0,1,64.2121,0,0.0
35.78333333333333,0,0.0,0,0.0,0,0.0,1,66.5682,0,0.0
35.8,0,0.0,0,0.0,0,0.0,1,68.3791,0,0.0
35.81666666666667,0,0.0,0,0.0,0,0.0,1,65.3614,0,0.0
35.833333333333336,0,0.0,0,0.0,0,0.0,1,66.6443,0,0.0
35.85,0,0.0,0,0.0,0,0.0,1,63.0206,0,0.0
35.86666666666667,0,0.0,0,0.0,0,0.0,1,63.5327,0,0.0
35.88333333333333,0,0.0,0,0.0,0,0.0,1,66.2077,0,0.0
35.9,0,0.0,0,0.0,0,0.0,1,61.3564,0,0.0
35.916666666666664,0,0.0,0,0.0,0,0.0,1,59.763,0,0.0
35.93333333333333,0,0.0,0,0.0,0,0.0,1,60.5286,0,0.0
35.95,0,0.0,0,0.0,0,0.0,1,60.4672,0,0.0
35.96666666666667,0,0.0,0,0.0,0,0.0,1,60.9171,0,0.0
35.983333333333334,0,0.0,0,0.0,0,0.0,1,63.1276,0,0.0
36.0,0,0.0,0,0.0,0,0.0,1,63.5847,0,0.0
36.016666666666666,0,0.0,0,0.0,0,0.0,1,65.3244,0,0.0
36.03333333333333,0,0.0,0,0.0,0,0.0,1,65.6957,0,0.0
36.05,0,0.0,0,0.0,0,0.0,1,61.328,0,0.0
36.06666666666667,0,0.0,0,0.0,0,0.0,1,64.2707,0,0.0
36.083333333333336,0,0.0,0,0.0,0,0.0,1,63.5662,0,0.0
36.1,0,0.0,0,0.0,0,0.0,1,62.4372,0,0.0
36.11666666666667,0,0.0,0,0.0,0,0.0,1,60.093,0,0.0
36.13333333333333,0,0.0,0,0.0,0,0.0,1,66.1432,0,0.0
36.15,0,0.0,0,0.0,0,0.0,1,63.2989,0,0.0
36.166666666666664,0,0.0,0,0.0,0,0.0,1,65.1063,0,0.0
36.18333333333333,0,0.0,0,0.0,0,0.0,1,38.2375,0,0.0
36.2,0,0.0,0,0.0,0,0.0,1,1.3848,0,0.0
36.21666666666667,0,0.0,0,0.0,0,0.0,1,1.6,0,0.0
36.233333333333334,0,0.0,0,0.0,0,0.0,1,1.5935,0,0.0
36.25,0,0.0,0,0.0,0,0.0,1,1.5022,0,0.0
36.266666666666666,0,0.0,0,0.0,0,0.0,1,1.4469,0,0.0
36.28333333333333,0,0.0,0,0.0,0,0.0,1,1.4673,0,0.0
36.3,0,0.0,0,0.0,0,0.0,1,1.4647,0,0.0
36.31666666666667,0,0.0,0,0.0,0,0.0,1,1.4462,0,0.0
36.333333333333336,0,0.0,0,0.0,0,0.0,1,1.471,0,0.0
36.35,0,0.0,0,0.0,0,0.0,1,1.4602,0,0.0
36.36666666666667,0,0.0,0,0.0,0,0.0,1,1.4507,0,0.0
36.38333333333333,0,0.0,0,0.0,0,0.0,1,1.4634,0,0.0
36.4,0,0.0,0,0.0,0,0.0,1,1.4507,0,0.0
36.416666666666664,0,0.0,0,0.0,0,0.0,1,1.4302,0,0.0
36.43333333333333,0,0.0,0,0.0,0,0.0,1,1.3847,0,0.0
36.45,0,0.0,0,0.0,0,0.0,1,1.4456,0,0.0
36.46666666666667,0,0.0,0,0.0,0,0.0,1,1.4265,0,0.0
36.483333333333334,0,0.0,0,0.0,0,0.0,1,1.1557,0,0.0
36.5,0,0.0,0,0.0,0,0.0,1,1.4645,0,0.0
36.516666666666666,0,0.0,0,0.0,0,0.0,1,1.4438,0,0.0
36.53333333333333,0,0.0,0,0.0,0,0.0,1,1.4388,0,0.0
36.55,0,0.0,0,0.0,0,0.0,1,1.4241,0,0.0
36.56666666666667,0,0.0,0,0.0,0,0.0,1,1.4467,0,0.0
36.583333333333336,0,0.0,0,0.0,0,0.0,1,1.4319,0,0.0
36.6,0,0.0,0,0.0,0,0.0,1,1.1662,0,0.0
36.61666666666667,0,0.0,0,0.0,0,0.0,1,1.4321,0,0.0
36.63333333333333,0,0.0,0,0.0,0,0.0,1,305.0655,0,0.0
36.65,0,0.0,0,0.0,0,0.0,1,25.877,0,0.0
36.666666666666664,0,0.0,0,0.0,0,0.0,1,8.1332,0,0.0
36.68333333333333,0,0.0,0,0.0,0,0.0,1,5.2058,0,0.0
36.7,0,0.0,0,0.0,0,0.0,1,3.3673,0,0.0
36.71666666666667,0,0.0,0,0.0,0,0.0,1,2.9459,0,0.0
36.733333333333334,0,0.0,0,0.0,0,0.0,1,2.5858,0,0.0
36.75,0,0.0,0,0.0,0,0.0,1,2.4089,0,0.0
36.766666666666666,0,0.0,0,0.0,0,0.0,1,2.4547,0,0.0
36.78333333333333,0,0.0,0,0.0,0,0.0,1,2.2244,0,0.0
36.8,0,0.0,0,0.0,0,0.0,1,2.156,0,0.0
36.81666666666667,0,0.0,0,0.0,0,0.0,1,2.0565,0,0.0
36.833333333333336,0,0.0,0,0.0,0,0.0,1,2.1281,0,0.0
36.85,0,0.0,0,0.0,0,0.0,1,2.1411,0,0.0
36.86666666666667,0,0.0,0,0.0,0,0.0,1,1.9292,0,0.0
36.88333333333333,0,0.0,0,0.0,0,0.0,1,1.9917,0,0.0
36.9,0,0.0,0,0.0,0,0.0,1,1.4663,0,0.0
36.916666666666664,0,0.0,0,0.0,0,0.0,1,1.4533,0,0.0
36.93333333333333,0,0.0,0,0.0,0,0.0,1,1.446,0,0.0
36.95,0,0.0,0,0.0,0,0.0,1,1.4453,0,0.0
36.96666666666667,0,0.0,0,0.0,0,0.0,1,1.4661,0,0.0
36.983333333333334,0,0.0,0,0.0,0,0.0,1,1.44,0,0.0
37.0,0,0.0,0,0.0,0,0.0,1,1.4266,0,0.0
37.016666666666666,0,0.0,0,0.0,0,0.0,1,1.4397,0,0.0
37.03333333333333,0,0.0,0,0.0,0,0.0,1,1.418,0,0.0
37.05,0,0.0,0,0.0,0,0.0,1,1.4214,0,0.0
37.06666666666667,0,0.0,0,0.0,0,0.0,1,1.437,0,0.0
37.083333333333336,0,0.0,0,0.0,0,0.0,1,1.4314,0,0.0
37.1,0,0.0,0,0.0,0,0.0,1,1.4301,0,0.0
37.11666666666667,0,0.0,0,0.0,0,0.0,1,1.4219,0,0.0
37.13333333333333,0,0.0,0,0.0,0,0.0,1,1.4311,0,0.0
37.15,0,0.0,0,0.0,0,0.0,1,1.4277,0,0.0
37.166666666666664,0,0.0,0,0.0,0,0.0,1,1.4278,0,0.0
37.18333333333333,0,0.0,0,0.0,0,0.0,1,1.4192,0,0.0
37.2,0,0.0,0,0.0,0,0.0,1,1.4312,0,0.0
37.21666666666667,0,0.0,0,0.0,0,0.0,1,1.4408,0,0.0
37.233333333333334,0,0.0,0,0.0,0,0.0,1,1.4261,0,0.0
37.25,0,0.0,0,0.0,0,0.0,1,1.4245,0,0.0
37.266666666666666,0,0.0,0,0.0,0,0.0,1,1.4232,0,0.0
37.28333333333333,0,0.0,0,0.0,0,0.0,1,1.4282,0,0.0
37.3,0,0.0,0,0.0,0,0.0,1,1.4255,0,0.0
37.31666666666667,0,0.0,0,0.0,0,0.0,1,1.4183,0,0.0
37.333333333333336,0,0.0,0,0.0,0,0.0,1,1.4181,0,0.0
37.35,0,0.0,0,0.0,0,0.0,1,1.4164,0,0.0
37.36666666666667,0,0.0,0,0.0,0,0.0,1,1.4071,0,0.0
37.38333333333333,0,0.0,0,0.0,0,0.0,1,1.3418,0,0.0
37.4,0,0.0,0,0.0,0,0.0,1,2.0224,0,0.0
37.416666666666664,0,0.0,0,0.0,0,0.0,1,1.8826,0,0.0
37.43333333333333,0,0.0,0,0.0,0,0.0,1,1.8668,0,0.0
37.45,0,0.0,0,0.0,0,0.0,1,1.885,0,0.0
37.46666666666667,0,0.0,0,0.0,0,0.0,1,1.8991,0,0.0
37.483333333333334,0,0.0,0,0.0,0,0.0,1,1.8085,0,0.0
37.5,0,0.0,0,0.0,0,0.0,1,1.7755,0,0.0
37.516666666666666,0,0.0,0,0.0,0,0.0,1,1.7644,0,0.0
37.53333333333333,0,0.0,0,0.0,0,0.0,1,1.6941,0,0.0
37.55,0,0.0,0,0.0,0,0.0,1,1.8307,0,0.0
37.56666666666667,0,0.0,0,0.0,0,0.0,1,1.738,0,0.0
37.583333333333336,0,0.0,0,0.0,0,0.0,1,1.8176,0,0.0
37.6,0,0.0,0,0.0,0,0.0,1,1.709,0,0.0
37.61666666666667,0,0.0,0,0.0,0,0.0,1,1.5759,0,0.0
37.63333333333333,0,0.0,0,0.0,0,0.0,1,1.5497,0,0.0
37.65,0,0.0,0,0.0,0,0.0,1,1.5796,0,0.0
37.666666666666664,0,0.0,0,0.0,0,0.0,1,1.6061,0,0.0
37.68333333333333,0,0.0,0,0.0,0,0.0,1,1.6126,0,0.0
37.7,0,0.0,0,0.0,0,0.0,1,2.3215,0,0.0
37.71666666666667,0,0.0,0,0.0,0,0.0,1,5.5308,0,0.0
37.733333333333334,0,0.0,0,0.0,0,0.0,1,7.6138,0,0.0
37.75,0,0.0,0,0.0,0,0.0,1,4.511,0,0.0
37.766666666666666,0,0.0,0,0.0,0,0.0,1,2.8226,0,0.0
37.78333333333333,0,0.0,0,0.0,0,0.0,1,2.6857,0,0.0
37.8,0,0.0,0,0.0,0,0.0,1,2.2433,0,0.0
37.81666666666667,0,0.0,0,0.0,0,0.0,1,2.082,0,0.0
37.833333333333336,0,0.0,0,0.0,0,0.0,1,2.048,0,0.0
37.85,0,0.0,0,0.0,0,0.0,1,2.1025,0,0.0
37.86666666666667,0,0.0,0,0.0,0,0.0,1,2.0644,0,0.0
37.88333333333333,0,0.0,0,0.0,0,0.0,1,2.1781,0,0.0
37.9,0,0.0,0,0.0,0,0.0,1,1.8765,0,0.0
37.916666666666664,0,0.0,0,0.0,0,0.0,1,1.9576,0,0.0
37.93333333333333,0,0.0,0,0.0,0,0.0,1,2.056,0,0.0
37.95,0,0.0,0,0.0,0,0.0,1,2.0093,0,0.0
37.96666666666667,0,0.0,0,0.0,0,0.0,1,2.0704,0,0.0
37.983333333333334,0,0.0,0,0.0,0,0.0,1,2.6547,0,0.0
38.0,0,0.0,0,0.0,0,0.0,1,2.6046,0,0.0
38.016666666666666,0,0.0,0,0.0,0,0.0,1,2.6357,0,0.0
38.03333333333333,0,0.0,0,0.0,0,0.0,1,2.2801,0,0.0
38.05,0,0.0,0,0.0,0,0.0,1,2.1747,0,0.0
38.06666666666667,0,0.0,0,0.0,0,0.0,1,2.044,0,0.0
38.083333333333336,0,0.0,0,0.0,0,0.0,1,2.2141,0,0.0
38.1,0,0.0,0,0.0,0,0.0,1,1.941,0,0.0
38.11666666666667,0,0.0,0,0.0,0,0.0,1,2.1026,0,0.0
38.13333333333333,0,0.0,0,0.0,0,0.0,1,1.974,0,0.0
38.15,0,0.0,0,0.0,0,0.0,1,2.5532,0,0.0
38.166666666666664,0,0.0,0,0.0,0,0.0,1,15.9592,0,0.0
38.18333333333333,0,0.0,0,0.0,0,0.0,1,39.4856,0,0.0
38.2,0,0.0,0,0.0,0,0.0,1,41.0851,0,0.0
38.21666666666667,0,0.0,0,0.0,0,0.0,1,67.387,0,0.0
38.233333333333334,0,0.0,0,0.0,0,0.0,1,72.4556,0,0.0
38.25,0,0.0,0,0.0,0,0.0,1,74.1161,0,0.0
38.266666666666666,0,0.0,0,0.0,0,0.0,1,72.3576,0,0.0
38.28333333333333,0,0.0,0,0.0,0,0.0,1,74.5681,0,0.0
38.3,0,0.0,0,0.0,0,0.0,1,72.3316,0,0.0
38.31666666666667,0,0.0,0,0.0,0,0.0,1,72.1523,0,0.0
38.333333333333336,0,0.0,0,0.0,0,0.0,1,68.304,0,0.0
38.35,0,0.0,0,0.0,0,0.0,1,63.0098,0,0.0
38.36666666666667,0,0.0,0,0.0,0,0.0,1,59.3635,0,0.0
38.38333333333333,0,0.0,0,0.0,0,0.0,1,54.9731,0,0.0
38.4,0,0.0,0,0.0,0,0.0,1,1.4568,0,0.0
38.416666666666664,0,0.0,0,0.0,0,0.0,1,1.4212,0,0.0
38.43333333333333,0,0.0,0,0.0,0,0.0,1,1.4201,0,0.0
38.45,0,0.0,0,0.0,0,0.0,1,1.4262,0,0.0
38.46666666666667,0,0.0,0,0.0,0,0.0,1,1.4346,0,0.0
38.483333333333334,0,0.0,0,0.0,0,0.0,1,1.4283,0,0.0
38.5,0,0.0,0,0.0,0,0.0,1,1.4358,0,0.0
38.516666666666666,0,0.0,0,0.0,0,0.0,1,1.7161,0,0.0
38.53333333333333,0,0.0,0,0.0,0,0.0,1,0.9612,0,0.0
38.55,0,0.0,0,0.0,0,0.0,1,1.4374,0,0.0
38.56666666666667,0,0.0,0,0.0,0,0.0,1,1.4188,0,0.0
38.583333333333336,0,0.0,0,0.0,0,0.0,1,1.3197,0,0.0
38.6,0,0.0,0,0.0,0,0.0,1,1.5345,0,0.0
38.61666666666667,0,0.0,0,0.0,0,0.0,1,1.5728,0,0.0
38.63333333333333,0,0.0,0,0.0,0,0.0,1,1.4345,0,0.0
38.65,0,0.0,0,0.0,0,0.0,1,1.4401,0,0.0
38.666666666666664,0,0.0,0,0.0,0,0.0,1,1.427,0,0.0
38.68333333333333,0,0.0,0,0.0,0,0.0,1,1.4615,0,0.0
38.7,0,0.0,0,0.0,0,0.0,1,1.4296,0,0.0
38.71666666666667,0,0.0,0,0.0,0,0.0,1,1.4163,0,0.0
38.733333333333334,0,0.0,0,0.0,0,0.0,1,1.41,1,9.8502
38.75,0,0.0,0,0.0,0,0.0,1,1.43,1,10.2099
38.766666666666666,0,0.0,0,0.0,0,0.0,1,1.4303,1,9.5526
38.78333333333333,0,0.0,0,0.0,0,0.0,1,1.4333,1,10.2027
38.8,0,0.0,0,0.0,0,0.0,1,1.4335,1,9.671
38.81666666666667,0,0.0,0,0.0,0,0.0,1,1.4256,1,9.6625
38.833333333333336,0,0.0,0,0.0,0,0.0,1,1.4267,1,9.7845
38.85,0,0.0,0,0.0,0,0.0,1,1.4181,1,10.028
38.86666666666667,0,0.0,0,0.0,0,0.0,1,1.4137,1,9.5395
38.88333333333333,0,0.0,0,0.0,0,0.0,1,1.4064,1,10.0221
38.9,0,0.0,0,0.0,0,0.0,1,52.815,1,9.9717
38.916666666666664,0,0.0,0,0.0,0,0.0,1,50.9222,1,9.6638
38.93333333333333,0,0.0,0,0.0,0,0.0,1,53.2639,1,9.7124
38.95,0,0.0,0,0.0,0,0.0,1,47.6195,1,10.0679
38.96666666666667,0,0.0,0,0.0,0,0.0,1,52.9476,1,9.7401
38.983333333333334,0,0.0,0,0.0,0,0.0,1,48.503,1,9.5868
39.0,0,0.0,0,0.0,0,0.0,1,45.0079,1,10.0357
39.016666666666666,0,0.0,0,0.0,0,0.0,1,43.6591,1,9.8594
39.03333333333333,0,0.0,0,0.0,0,0.0,1,40.3505,1,9.6453
39.05,0,0.0,0,0.0,0,0.0,1,48.5084,1,9.7336
39.06666666666667,0,0.0,0,0.0,0,0.0,1,55.2104,1,10.0578
39.083333333333336,0,0.0,0,0.0,0,0.0,1,70.4593,1,9.3997
39.1,0,0.0,0,0.0,0,0.0,1,73.3196,1,9.938
39.11666666666667,0,0.0,0,0.0,0,0.0,1,71.4454,1,10.1546
39.13333333333333,0,0.0,0,0.0,0,0.0,1,75.2042,1,9.737
39.15,0,0.0,0,0.0,0,0.0,1,71.5168,1,10.242
39.166666666666664,0,0.0,0,0.0,0,0.0,1,74.4497,1,10.3816
39.18333333333333,0,0.0,0,0.0,0,0.0,1,71.7734,1,10.2116
39.2,0,0.0,0,0.0,0,0.0,1,74.298,1,9.9025
39.21666666666667,0,0.0,0,0.0,0,0.0,1,72.2505,1,9.8538
39.233333333333334,0,0.0,0,0.0,0,0.0,1,66.278,1,9.669
39.25,0,0.0,0,0.0,0,0.0,1,64.5222,1,9.8038
39.266666666666666,0,0.0,0,0.0,0,0.0,1,67.0414,1,10.0444
39.28333333333333,0,0.0,0,0.0,0,0.0,1,66.8779,1,9.6128
39.3,0,0.0,0,0.0,0,0.0,1,63.6296,1,9.7675
39.31666666666667,0,0.0,0,0.0,1,50.6217,1,63.9771,1,9.4068
39.333333333333336,0,0.0,0,0.0,1,48.6071,1,65.3765,1,10.1666
39.35,0,0.0,0,0.0,1,48.4016,1,65.4469,1,9.9472
39.36666666666667,0,0.0,0,0.0,1,49.7315,1,61.1875,1,9.2126
39.38333333333333,0,0.0,0,0.0,1,48.7436,1,66.5173,1,10.3746
39.4,0,0.0,0,0.0,1,49.6448,1,1.4375,1,9.7169
39.416666666666664,0,0.0,0,0.0,1,48.8534,1,1.4292,1,9.61
39.43333333333333,0,0.0,0,0.0,1,49.2274,1,1.4244,1,10.0699
39.45,0,0.0,0,0.0,1,49.4981,1,1.4287,1,9.6419
39.46666666666667,0,0.0,0,0.0,1,48.5072,1,1.4203,1,9.7312
39.483333333333334,0,0.0,0,0.0,1,50.0389,1,1.4269,1,10.0919
39.5,0,0.0,0,0.0,1,48.4116,1,1.4187,1,9.8564
39.516666666666666,0,0.0,0,0.0,1,50.0167,1,1.4302,1,9.6312
39.53333333333333,0,0.0,0,0.0,1,49.6809,1,1.418,1,9.6686
39.55,0,0.0,0,0.0,1,48.3502,1,1.4267,1,9.5853
39.56666666666667,0,0.0,0,0.0,1,49.3586,1,1.4327,1,10.0809
39.583333333333336,0,0.0,0,0.0,1,49.3311,1,1.4343,1,10.0013
39.6,0,0.0,0,0.0,1,48.942,1,1.4296,1,9.5883
39.61666666666667,0,0.0,0,0.0,1,49.1779,1,1.428,1,9.8239
39.63333333333333,0,0.0,0,0.0,1,48.894,1,1.4366,1,9.7647
39.65,0,0.0,0,0.0,1,49.7635,1,1.4387,1,9.5549
39.666666666666664,0,0.0,0,0.0,1,48.5376,1,1.4327,1,9.9328
39.68333333333333,0,0.0,0,0.0,1,49.4319,1,1.4185,1,10.0222
39.7,0,0.0,0,0.0,1,48.9505,1,1.4292,1,9.4271
39.71666666666667,0,0.0,0,0.0,1,49.054,1,1.4311,1,10.1403
39.733333333333334,0,0.0,0,0.0,1,49.5355,1,1.4303,1,9.6711
39.75,0,0.0,0,0.0,1,48.8229,1,1.4195,1,9.9681
39.766666666666666,0,0.0,0,0.0,1,48.8627,1,1.4305,1,10.4864
39.78333333333333,0,0.0,0,0.0,1,48.9927,1,1.4278,1,10.2357
39.8,0,0.0,0,0.0,1,49.6554,1,1.4232,1,9.8035
39.81666666666667,0,0.0,0,0.0,1,48.913,1,1.4283,1,9.619
39.833333333333336,0,0.0,0,0.0,1,49.5687,1,1.4185,1,9.9985
39.85,0,0.0,0,0.0,1,49.2723,1,1.4236,1,9.8174
39.86666666666667,0,0.0,0,0.0,1,48.8933,1,1.435,1,9.5683
39.88333333333333,0,0.0,0,0.0,1,48.7577,1,1.4336,1,9.782
39.9,0,0.0,0,0.0,1,50.1619,1,63.1831,1,9.9883
39.916666666666664,0,0.0,0,0.0,1,48.1461,1,68.7384,1,9.6399
39.93333333333333,0,0.0,0,0.0,1,48.7886,1,66.8501,1,9.851
39.95,0,0.0,0,0.0,1,49.9989,1,69.884,1,9.9751
39.96666666666667,0,0.0,0,0.0,1,48.297,1,65.0398,1,9.5782
39.983333333333334,0,0.0,0,0.0,1,49.5564,1,63.3147,1,9.6918
40.0,0,0.0,0,0.0,1,49.1244,1,71.9022,1,10.2289
40.016666666666666,0,0.0,0,0.0,1,49.1926,1,68.4378,1,9.6698
40.03333333333333,0,0.0,0,0.0,1,49.5475,1,70.6058,1,9.684
40.05,0,0.0,0,0.0,1,48.4547,1,68.76,1,10.0021
40.06666666666667,0,0.0,0,0.0,1,49.503,1,66.6913,1,9.619
40.083333333333336,0,0.0,0,0.0,1,48.6719,1,63.6989,1,9.6008
40.1,0,0.0,0,0.0,1,49.3033,1,70.3792,1,9.935
40.11666666666667,0,0.0,0,0.0,1,49.0313,1,70.0646,1,9.9733
40.13333333333333,0,0.0,0,0.0,1,49.5506,1,62.2422,1,9.4983
40.15,0,0.0,0,0.0,1,48.7598,1,64.3394,1,10.0084
40.166666666666664,0,0.0,0,0.0,1,49.3014,1,74.169,1,10.0724
40.18333333333333,0,0.0,0,0.0,1,49.594,1,70.1819,1,9.548
40.2,0,0.0,0,0.0,1,48.5028,1,68.6446,1,9.7414
40.21666666666667,0,0.0,0,0.0,1,49.4657,1,67.7479,1,10.0038
40.233333333333334,0,0.0,0,0.0,1,48.8723,1,70.552,1,9.8463
40.25,0,0.0,0,0.0,1,49.5649,1,70.9208,1,9.8032
40.266666666666666,0,0.0,0,0.0,1,49.0051,1,65.8005,1,10.0585
40.28333333333333,0,0.0,0,0.0,1,49.5351,1,65.7946,1,9.5868
40.3,0,0.0,0,0.0,1,48.9882,1,66.7743,1,9.6946
40.31666666666667,0,0.0,0,0.0,1,48.4323,1,57.1989,1,9.7338
40.333333333333336,0,0.0,0,0.0,1,49.6889,1,51.23,1,9.9598
40.35,0,0.0,0,0.0,1,48.7607,1,65.1029,1,10.0344
40.36666666666667,0,0.0,0,0.0,1,49.6662,1,67.4482,1,10.2483
40.38333333333333,0,0.0,0,0.0,1,48.7896,1,63.5267,1,9.7836
40.4,0,0.0,0,0.0,1,49.526,1,69.4075,1,10.3688
40.416666666666664,0,0.0,0,0.0,1,48.7533,1,68.9515,1,9.9584
40.43333333333333,0,0.0,0,0.0,1,49.2073,1,69.1557,1,9.5704
40.45,0,0.0,0,0.0,1,49.0919,1,73.1345,1,10.1216
40.46666666666667,0,0.0,0,0.0,1,49.0295,1,71.8356,1,9.9729
40.483333333333334,0,0.0,0,0.0,1,49.5619,1,72.8563,1,9.563
40.5,0,0.0,0,0.0,1,48.3659,1,72.2347,1,10.0341
40.516666666666666,0,0.0,0,0.0,1,49.4363,1,67.9725,1,9.9348
40.53333333333333,0,0.0,0,0.0,1,48.743,1,67.5447,1,9.7719
40.55,0,0.0,0,0.0,1,49.5576,1,72.0557,1,9.583
40.56666666666667,0,0.0,0,0.0,1,49.1036,1,73.3632,1,9.5396
40.583333333333336,0,0.0,0,0.0,1,48.6249,1,70.3386,1,10.1853
40.6,0,0.0,0,0.0,1,49.5245,1,73.8648,1,9.6517
40.61666666666667,0,0.0,0,0.0,1,48.8375,1,65.7655,1,9.7313
40.63333333333333,0,0.0,0,0.0,1,49.0402,1,65.177,1,10.0572
40.65,0,0.0,0,0.0,1,49.4506,1,53.6976,1,9.7154
40.666666666666664,0,0.0,0,0.0,1,49.0651,1,62.8672,1,9.8695
40.68333333333333,0,0.0,0,0.0,1,49.8749,1,66.4242,1,9.727
40.7,0,0.0,0,0.0,1,48.7214,1,70.1721,1,9.983
40.71666666666667,0,0.0,0,0.0,1,49.4507,1,67.9521,1,9.5379
40.733333333333334,0,0.0,0,0.0,1,49.4741,1,56.2284,1,9.9985
40.75,0,0.0,0,0.0,1,48.0933,1,64.9587,1,9.9248
40.766666666666666,0,0.0,0,0.0,1,49.9476,1,67.5727,1,9.8091
40.78333333333333,0,0.0,0,0.0,1,49.126,1,70.9985,1,9.6543
40.8,0,0.0,0,0.0,1,48.2939,1,72.695,1,10.092
40.81666666666667,0,0.0,0,0.0,1,49.6713,1,73.4556,1,9.716
40.833333333333336,0,0.0,0,0.0,1,48.9296,1,68.2125,1,9.4299
40.85,0,0.0,0,0.0,1,49.5816,1,67.3579,1,10.1874
40.86666666666667,0,0.0,0,0.0,1,49.1979,1,64.4294,1,9.6124
40.88333333333333,0,0.0,0,0.0,1,48.3171,1,66.8046,1,9.7053
40.9,0,0.0,0,0.0,1,49.7254,1,63.4342,1,10.0831
40.916666666666664,0,0.0,0,0.0,1,49.3404,1,71.4276,1,9.8043
40.93333333333333,0,0.0,0,0.0,1,49.0695,1,71.8934,1,9.7333
40.95,0,0.0,0,0.0,1,49.2101,1,73.8967,1,10.0974
40.96666666666667,0,0.0,0,0.0,1,48.7276,1,72.8282,1,10.228
40.983333333333334,0,0.0,0,0.0,1,49.499,1,73.8905,1,9.9645
41.0,0,0.0,0,0.0,1,48.8442,1,73.3845,1,10.0821
41.016666666666666,0,0.0,0,0.0,1,49.4602,1,73.0103,1,9.8106
41.03333333333333,0,0.0,0,0.0,1,48.8516,1,73.3165,1,9.8627
41.05,0,0.0,0,0.0,1,49.8837,1,73.0308,1,9.9544
41.06666666666667,0,0.0,0,0.0,1,48.7395,1,74.1108,1,9.2862
41.083333333333336,0,0.0,0,0.0,1,48.8516,1,57.3766,1,9.8895
41.1,0,0.0,0,0.0,1,49.335,1,70.0704,1,10.1221
41.11666666666667,0,0.0,0,0.0,1,48.6441,1,71.2212,1,9.6032
41.13333333333333,0,0.0,0,0.0,1,49.3168,1,74.7618,1,9.7496
41.15,0,0.0,0,0.0,1,49.1583,1,72.6379,1,9.9338
41.166666666666664,0,0.0,0,0.0,1,49.2017,1,72.6552,1,9.6305
41.18333333333333,0,0.0,0,0.0,1,48.8404,1,72.3319,1,9.7903
41.2,0,0.0,0,0.0,1,49.8245,1,74.1066,1,10.0184
41.21666666666667,0,0.0,0,0.0,1,49.2415,1,73.7264,1,9.8734
41.233333333333334,0,0.0,0,0.0,1,48.0983,1,73.756,1,9.5831
41.25,0,0.0,0,0.0,1,49.5291,1,73.2109,1,10.0038
41.266666666666666,0,0.0,0,0.0,1,48.4472,1,72.9249,1,9.8356
41.28333333333333,0,0.0,0,0.0,1,50.2644,1,74.2903,1,9.454
41.3,0,0.0,0,0.0,1,49.239,1,70.9832,1,10.013
41.31666666666667,0,0.0,0,0.0,1,48.5012,1,74.2976,1,9.5125
41.333333333333336,0,0.0,0,0.0,1,49.575,1,71.6889,1,9.8323
41.35,0,0.0,0,0.0,1,48.7245,1,75.3984,1,10.1437
41.36666666666667,0,0.0,0,0.0,1,49.0142,1,71.2904,1,9.6937
41.38333333333333,0,0.0,0,0.0,1,49.6311,1,73.4004,1,9.3847
41.4,0,0.0,0,0.0,1,48.7919,1,73.1045,1,10.0964
41.416666666666664,0,0.0,0,0.0,1,49.1053,1,74.3314,1,9.7076
41.43333333333333,0,0.0,0,0.0,1,49.2188,1,73.324,1,9.5701
41.45,0,0.0,0,0.0,1,49.5211,1,72.0884,1,10.0671
41.46666666666667,0,0.0,0,0.0,1,48.7006,1,61.9325,1,9.9544
41.483333333333334,0,0.0,0,0.0,1,49.4239,1,62.9218,1,9.4578
41.5,0,0.0,0,0.0,1,48.9664,1,57.5925,1,9.8567
41.516666666666666,0,0.0,0,0.0,1,49.0125,1,69.5861,1,9.8058
41.53333333333333,0,0.0,0,0.0,1,49.1457,1,72.8814,1,9.7351
41.55,0,0.0,0,0.0,1,49.4154,1,70.7929,1,10.2953
41.56666666666667,0,0.0,0,0.0,1,49.038,1,68.3751,1,10.1914
41.583333333333336,0,0.0,0,0.0,1,49.4496,1,61.0924,1,9.6759
41.6,0,0.0,0,0.0,1,48.0631,1,71.1261,1,10.1988
41.61666666666667,0,0.0,0,0.0,1,49.7485,1,69.2938,1,9.7377
41.63333333333333,0,0.0,0,0.0,1,48.5081,1,68.2714,1,9.7347
41.65,0,0.0,0,0.0,1,49.0894,1,59.5438,1,9.6301
41.666666666666664,0,0.0,0,0.0,1,48.2334,1,61.8898,1,9.9995
41.68333333333333,0,0.0,0,0.0,1,48.5601,1,59.0326,1,9.996
41.7,0,0.0,0,0.0,1,48.9306,1,66.3841,1,9.5571
41.71666666666667,0,0.0,0,0.0,1,48.9054,1,60.3344,1,9.7277
41.733333333333334,0,0.0,0,0.0,1,48.5913,1,57.4494,1,10.1458
41.75,0,0.0,0,0.0,1,48.6202,1,57.834,1,9.8838
41.766666666666666,0,0.0,0,0.0,1,47.7417,1,56.0412,1,9.5774
41.78333333333333,0,0.0,0,0.0,1,48.8485,1,53.1612,1,9.9178
41.8,0,0.0,0,0.0,1,48.0975,1,55.1887,1,9.6959
41.81666666666667,0,0.0,0,0.0,1,49.256,1,57.6611,1,9.8663
41.833333333333336,0,0.0,0,0.0,1,48.4638,1,55.3707,1,9.9657
41.85,0,0.0,0,0.0,1,49.1577,1,64.9823,1,9.6436
41.86666666666667,0,0.0,0,0.0,1,48.4487,1,57.5853,1,10.026
41.88333333333333,0,0.0,0,0.0,1,48.9158,1,56.8397,1,9.7377
41.9,0,0.0,0,0.0,1,48.2071,1,56.9188,1,9.7228
41.916666666666664,0,0.0,0,0.0,1,49.2382,1,59.1135,1,9.7562
41.93333333333333,0,0.0,0,0.0,1,51.2788,1,67.2152,1,10.0197
41.95,0,0.0,0,0.0,1,13.5003,1,61.3742,1,9.8685
41.96666666666667,0,0.0,0,0.0,1,6.1496,1,56.7123,1,9.3579
41.983333333333334,0,0.0,0,0.0,1,5.6838,1,58.8934,1,10.1951
42.0,0,0.0,0,0.0,1,5.6891,1,56.3861,1,9.8173
42.016666666666666,0,0.0,0,0.0,1,5.6065,1,57.4451,1,9.5606
42.03333333333333,0,0.0,0,0.0,1,5.4524,1,56.32,1,10.0063
42.05,0,0.0,0,0.0,1,5.7183,1,62.5851,1,9.7929
42.06666666666667,0,0.0,0,0.0,1,5.6479,1,59.5063,1,9.8033
42.083333333333336,0,0.0,0,0.0,1,5.72,1,60.7441,1,9.7079
42.1,0,0.0,0,0.0,1,5.5636,1,59.3278,1,9.8852
42.11666666666667,0,0.0,0,0.0,1,5.6904,1,58.7577,1,9.64
42.13333333333333,0,0.0,0,0.0,1,5.8689,1,56.3814,1,10.167
42.15,0,0.0,0,0.0,1,5.6783,1,58.4474,1,9.7409
42.166666666666664,0,0.0,0,0.0,1,5.7886,1,57.5981,1,10.0913
42.18333333333333,0,0.0,0,0.0,1,5.5495,1,57.3065,1,10.1874
42.2,0,0.0,0,0.0,1,5.6129,1,54.7946,1,9.9702
42.21666666666667,0,0.0,0,0.0,1,5.7207,1,57.2346,1,9.7872
42.233333333333334,0,0.0,0,0.0,1,5.7755,1,60.0985,1,9.9364
42.25,0,0.0,0,0.0,1,5.6035,1,65.0947,1,9.9137
42.266666666666666,0,0.0,0,0.0,1,5.4464,1,55.1188,1,9.4483
42.28333333333333,0,0.0,0,0.0,1,5.8447,1,54.334,1,10.0785
42.3,0,0.0,0,0.0,1,5.5146,1,52.969,1,9.8615
42.31666666666667,0,0.0,0,0.0,1,5.7068,1,53.632,1,9.4316
42.333333333333336,0,0.0,0,0.0,1,5.6268,1,56.6945,1,10.0934
42.35,0,0.0,0,0.0,1,5.5912,1,58.5091,1,9.8748
42.36666666666667,0,0.0,0,0.0,1,5.7232,1,55.3547,1,9.3456
42.38333333333333,0,0.0,0,0.0,1,5.5623,1,54.8743,1,10.2056
42.4,0,0.0,0,0.0,1,5.8287,1,52.1687,1,9.6986
42.416666666666664,0,0.0,0,0.0,1,5.5864,1,52.0452,1,9.7174
42.43333333333333,0,0.0,0,0.0,1,5.8359,1,52.0652,1,10.0889
42.45,0,0.0,0,0.0,1,5.6568,1,56.2173,1,9.9691
42.46666666666667,0,0.0,0,0.0,1,5.601,1,54.9963,1,9.4558
42.483333333333334,0,0.0,0,0.0,1,5.5262,1,55.174,1,9.8759
42.5,0,0.0,0,0.0,1,5.3979,1,58.3526,1,10.0582
42.516666666666666,0,0.0,0,0.0,1,5.6822,1,54.6941,1,9.4367
42.53333333333333,0,0.0,0,0.0,1,5.6336,1,58.259,1,9.9386
42.55,0,0.0,0,0.0,1,5.9077,1,57.9014,1,9.7424
42.56666666666667,0,0.0,0,0.0,1,5.6576,1,57.1876,1,9.8139
42.583333333333336,0,0.0,0,0.0,1,5.6229,1,50.724,1,9.7721
42.6,0,0.0,0,0.0,1,5.7612,1,55.1207,1,9.702
42.61666666666667,0,0.0,0,0.0,1,5.4503,1,60.2309,1,9.705
42.63333333333333,0,0.0,0,0.0,1,5.6758,1,54.1699,1,10.1357
42.65,0,0.0,0,0.0,1,5.532,1,52.6336,1,10.0535
42.666666666666664,0,0.0,0,0.0,1,5.602,1,51.6894,1,10.3556
42.68333333333333,0,0.0,0,0.0,1,5.7001,1,54.4357,1,10.7003
42.7,0,0.0,0,0.0,1,5.5969,1,53.5332,1,10.3318
42.71666666666667,0,0.0,0,0.0,1,5.8208,1,48.3991,1,10.348
42.733333333333334,0,0.0,0,0.0,1,5.5421,1,59.0232,1,10.3836
42.75,0,0.0,0,0.0,1,5.7441,1,54.103,1,10.493
42.766666666666666,0,0.0,0,0.0,1,5.7217,1,59.8705,1,10.3117
42.78333333333333,0,0.0,0,0.0,1,5.8536,1,52.258,1,10.5916
42.8,0,0.0,0,0.0,1,5.636,1,55.9901,1,10.0412
42.81666666666667,0,0.0,0,0.0,1,5.358,1,43.4809,1,9.6108
42.833333333333336,0,0.0,0,0.0,1,5.7935,1,35.2692,1,10.0043
42.85,0,0.0,0,0.0,1,5.8222,1,32.1657,1,9.8749
42.86666666666667,0,0.0,0,0.0,1,5.427,1,34.4894,1,9.5058
42.88333333333333,0,0.0,0,0.0,1,5.6899,1,31.4706,1,10.0319
42.9,0,0.0,0,0.0,1,5.6602,1,33.2804,1,9.8358
42.916666666666664,0,0.0,0,0.0,1,5.6001,1,30.2189,1,9.5378
42.93333333333333,0,0.0,1,39.9,1,5.5288,1,30.8098,1,10.3619
42.95,0,0.0,1,39.8916,1,5.6613,1,33.9017,1,10.543
42.96666666666667,0,0.0,1,39.8896,1,5.682,1,33.8575,1,10.1934
42.983333333333334,0,0.0,1,39.8761,1,5.7106,1,31.4313,1,10.3601
43.0,0,0.0,1,39.8831,1,5.7329,1,32.7416,1,10.5381
43.016666666666666,0,0.0,1,39.9047,1,5.5212,1,31.214,1,10.1762
43.03333333333333,0,0.0,1,39.9035,1,5.8325,1,32.3974,1,10.5629
43.05,0,0.0,1,39.8797,1,5.4674,1,31.0398,1,10.574
43.06666666666667,0,0.0,1,39.8847,1,5.7177,1,32.5756,1,10.2324
43.083333333333336,0,0.0,1,39.8843,1,5.6141,1,30.9875,1,10.2519
43.1,0,0.0,1,39.8672,1,5.7951,1,30.328,1,10.5799
43.11666666666667,0,0.0,1,39.9002,1,5.7965,1,33.3333,1,9.6093
43.13333333333333,0,0.0,1,39.8952,1,5.546,1,33.4561,1,9.9204
43.15,0,0.0,1,39.8903,1,5.6871,1,32.7915,1,9.9576
43.166666666666664,0,0.0,1,39.8796,1,5.6294,1,37.6808,1,9.9084
43.18333333333333,0,0.0,1,39.8763,1,5.8716,1,29.7593,1,9.5115
43.2,0,0.0,1,39.8784,1,5.8035,1,30.2682,1,10.3093
43.21666666666667,0,0.0,1,39.9058,1,5.7075,1,31.0245,1,10.4496
43.233333333333334,0,0.0,1,39.9016,1,5.8368,1,31.5936,1,9.4768
43.25,0,0.0,1,39.9071,1,5.6551,1,31.9232,1,9.7905
43.266666666666666,0,0.0,1,39.8757,1,5.466,1,35.6978,1,9.9
43.28333333333333,0,0.0,1,39.8626,1,5.5917,1,31.3023,1,9.9642
43.3,0,0.0,1,39.8962,1,5.5256,1,30.2933,1,9.6303
43.31666666666667,0,0.0,1,39.8851,1,5.3324,1,31.5398,1,9.8084
43.333333333333336,0,0.0,1,39.8911,1,5.6137,1,31.9727,1,9.9065
43.35,0,0.0,1,39.9143,1,5.2181,1,32.8969,1,9.8158
43.36666666666667,0,0.0,1,39.9085,1,5.372,1,38.7388,1,10.0975
43.38333333333333,0,0.0,1,39.8791,1,5.409,1,37.2208,1,10.3248
43.4,0,0.0,1,39.9032,1,5.6683,1,34.4842,1,10.2733
43.416666666666664,0,0.0,1,39.9181,1,5.6265,1,39.1016,1,9.8768
43.43333333333333,0,0.0,1,39.8922,1,5.3437,1,37.695,1,9.9491
43.45,0,0.0,1,39.8814,1,5.5271,1,37.9031,1,9.5754
43.46666666666667,0,0.0,1,39.8855,1,5.4335,1,35.8607,1,9.7292
43.483333333333334,0,0.0,1,39.8684,1,5.4757,1,32.0783,1,9.9717
43.5,0,0.0,1,39.8633,1,5.4584,1,32.5248,1,9.648
43.516666666666666,0,0.0,1,39.9088,1,5.4418,1,36.1734,1,9.9876
43.53333333333333,0,0.0,1,39.901,1,5.6241,1,70.7953,1,9.7497
43.55,0,0.0,1,39.8782,1,5.222,1,62.463,1,9.562
43.56666666666667,0,0.0,1,39.895,1,5.5072,1,46.936,1,9.9086
43.583333333333336,0,0.0,1,39.8783,1,5.4347,1,41.4453,1,9.9445
43.6,0,0.0,1,39.8681,1,5.5786,1,37.607,1,9.5788
43.61666666666667,0,0.0,1,39.9073,1,5.3641,1,33.5714,1,9.8203
43.63333333333333,0,0.0,1,39.899,1,5.3977,1,35.5257,1,10.1036
43.65,0,0.0,1,39.8845,1,5.5084,1,35.4651,1,9.5672
43.666666666666664,0,0.0,1,39.8706,1,5.4426,1,35.5012,1,9.6969
43.68333333333333,0,0.0,1,39.8758,1,5.4372,1,33.1181,1,10.1235
43.7,0,0.0,1,39.8664,1,5.4657,1,30.6983,1,9.6116
43.71666666666667,0,0.0,1,39.8935,1,5.4659,1,32.8786,1,9.8263
43.733333333333334,0,0.0,1,39.9043,1,5.4712,1,31.523,1,10.0369
43.75,0,0.0,1,39.8983,1,5.1979,1,30.8801,1,9.8176
43.766666666666666,0,0.0,1,39.8774,1,5.598,1,32.4445,1,9.536
43.78333333333333,0,0.0,1,39.9061,1,5.5046,1,33.5311,1,10.0126
43.8,0,0.0,1,39.9154,1,5.3503,1,30.9127,1,9.8209
43.81666666666667,0,0.0,1,39.9124,1,5.5459,1,31.254,1,9.5209
43.833333333333336,0,0.0,1,39.9173,1,5.3756,1,30.7479,1,9.8865
43.85,0,0.0,1,39.9432,1,5.5031,1,31.048,1,9.8958
43.86666666666667,0,0.0,1,39.8952,1,5.3433,1,32.9784,1,9.4286
43.88333333333333,0,0.0,1,39.9083,1,5.5657,1,30.167,1,10.0944
43.9,0,0.0,1,39.9261,1,5.5216,1,31.0756,1,9.66
43.916666666666664,0,0.0,1,39.9318,1,5.4731,1,31.0721,1,9.7185
43.93333333333333,0,0.0,1,39.9325,1,5.3847,1,31.01,1,9.9985
43.95,0,0.0,1,39.9431,1,5.2715,1,30.8521,1,9.7371
43.96666666666667,0,0.0,1,39.9386,1,5.6298,1,33.2183,1,10.3318
43.983333333333334,0,0.0,1,39.9062,1,5.4348,1,30.411,1,10.4503
44.0,0,0.0,1,39.92,1,5.351,1,31.9614,1,9.9798
44.016666666666666,0,0.0,1,39.9707,1,5.4245,1,30.2535,1,9.7355
44.03333333333333,0,0.0,1,39.9617,1,5.4299,1,30.6316,1,10.0614
44.05,0,0.0,1,39.9355,1,5.3781,1,34.2048,1,9.7291
44.06666666666667,0,0.0,1,39.9458,1,5.374,1,34.9301,1,9.5523
44.083333333333336,0,0.0,1,39.9074,1,5.9777,1,34.5845,1,10.1448
44.1,0,0.0,1,39.9136,1,5.2147,1,34.6605,1,9.9395
44.11666666666667,0,0.0,1,39.9742,1,5.6884,1,40.1581,1,9.5325
44.13333333333333,0,0.0,1,39.9586,1,5.4918,1,34.9852,1,10.1102
44.15,0,0.0,1,39.9532,1,5.2564,1,34.0935,1,9.8336
44.166666666666664,0,0.0,1,39.9492,1,5.6432,1,33.1464,1,9.6566
44.18333333333333,0,0.0,1,39.942,1,5.4928,1,30.3243,1,9.7152
44.2,0,0.0,1,39.9284,1,5.6001,1,31.4561,1,10.0845
44.21666666666667,0,0.0,1,39.9666,1,5.4164,1,32.3965,1,9.786
44.233333333333334,0,0.0,1,39.9676,1,5.4015,1,30.1484,1,9.6292
44.25,0,0.0,1,39.9681,1,5.5101,1,30.5835,1,9.9316
44.266666666666666,0,0.0,1,39.9359,1,5.5381,1,31.5434,1,9.9019
44.28333333333333,0,0.0,1,39.9492,1,5.4737,1,36.7569,1,9.6556
44.3,0,0.0,1,39.9539,1,5.35,1,37.8031,1,9.717
44.31666666666667,0,0.0,1,39.9649,1,5.4566,1,33.3208,1,9.8956
44.333333333333336,0,0.0,1,39.9748,1,5.6196,1,29.8241,1,9.73
44.35,0,0.0,1,39.9566,1,5.3789,1,31.034,1,9.671
44.36666666666667,0,0.0,1,39.9519,1,5.5973,1,31.4681,1,10.0848
44.38333333333333,0,0.0,1,39.9402,1,5.5997,1,31.6262,1,9.5488
44.4,0,0.0,1,39.9403,1,5.2399,1,30.9322,1,9.817
44.416666666666664,0,0.0,1,39.9655,1,5.5456,1,31.7826,1,10.0292
44.43333333333333,0,0.0,1,39.9525,1,5.442,1,31.2867,1,9.7106
44.45,0,0.0,1,39.9601,1,5.3839,1,30.8476,1,9.5773
44.46666666666667,0,0.0,1,39.9298,1,5.5017,1,31.4883,1,10.1919
44.483333333333334,0,0.0,1,39.9325,1,5.354,1,31.6259,1,9.6392
44.5,0,0.0,1,39.9458,1,5.4903,1,29.9793,1,9.8073
44.516666666666666,0,0.0,1,39.9624,1,5.434,1,35.1423,1,9.8497
44.53333333333333,0,0.0,1,39.9406,1,5.5059,1,37.7524,1,9.9139
44.55,0,0.0,1,39.9441,1,5.5292,1,53.3325,1,9.6656
44.56666666666667,0,0.0,1,39.9367,1,5.683,1,46.0136,1,10.0995
44.583333333333336,0,0.0,1,39.9343,1,5.3256,1,40.1509,1,10.4697
44.6,0,0.0,1,39.9228,1,5.3504,1,38.9603,1,10.0737
44.61666666666667,0,0.0,1,39.955,1,5.4336,1,39.4005,1,9.8627
44.63333333333333,0,0.0,1,39.9511,1,5.5329,1,37.9726,1,9.6526
44.65,0,0.0,1,39.9444,1,5.3283,1,36.6597,1,10.1569
44.666666666666664,0,0.0,1,39.967,1,5.5694,1,34.5312,1,9.5926
44.68333333333333,0,0.0,1,39.9769,1,5.4879,1,37.2938,1,9.8676
44.7,0,0.0,1,39.9457,1,5.3732,1,36.2817,1,9.9466
44.71666666666667,0,0.0,1,39.9888,1,5.3585,1,38.4283,1,9.7088
44.733333333333334,0,0.0,1,39.9877,1,5.4133,1,43.0924,1,9.8155
44.75,0,0.0,1,39.9909,1,5.3193,1,44.4705,1,9.7953
44.766666666666666,0,0.0,1,39.9718,1,5.7227,1,41.022,1,9.7888
44.78333333333333,0,0.0,1,40.0079,1,5.5768,1,44.0526,1,9.7513
44.8,0,0.0,1,39.9615,1,5.4019,1,35.7794,1,10.0801
44.81666666666667,0,0.0,1,39.9682,1,5.5121,1,32.6909,1,9.3905
44.833333333333336,0,0.0,1,40.0041,1,5.2792,1,33.6699,1,9.8178
44.85,0,0.0,1,39.9987,1,5.5736,1,32.1908,1,10.0042
44.86666666666667,0,0.0,1,39.9764,1,5.6625,1,31.3889,1,9.5615
44.88333333333333,0,0.0,1,39.9867,1,5.3266,1,33.0213,1,9.7075
44.9,0,0.0,1,39.9762,1,5.5526,1,30.4094,1,10.1093
44.916666666666664,0,0.0,1,39.9877,1,5.436,1,30.796,1,9.6003
44.93333333333333,0,0.0,1,39.9991,1,5.386,1,32.0961,1,10.2694
44.95,0,0.0,1,39.9988,1,5.4215,1,31.2044,1,10.6182
44.96666666666667,0,0.0,1,39.9763,1,5.5732,1,29.9054,1,9.9832
44.983333333333334,0,0.0,1,39.9737,1,5.2915,1,38.6165,1,10.364
45.0,0,0.0,1,39.9899,1,5.5657,1,36.865,1,10.6287
45.016666666666666,0,0.0,1,40.0179,1,5.2703,1,36.6214,1,10.0675
45.03333333333333,0,0.0,1,40.0166,1,5.5705,1,36.1071,1,10.3369
45.05,0,0.0,1,40.0325,1,5.4233,1,34.7315,1,10.0441
45.06666666666667,0,0.0,1,40.0192,1,5.5603,1,35.4912,1,9.555
45.083333333333336,0,0.0,1,39.9842,1,5.5877,1,35.9859,1,9.9424
45.1,0,0.0,1,39.9735,1,5.3744,1,33.1097,1,9.9161
45.11666666666667,0,0.0,1,40.026,1,5.4539,1,33.74,1,9.4019
45.13333333333333,0,0.0,1,40.024,1,5.2242,1,35.4993,1,10.116
45.15,0,0.0,1,40.0236,1,5.533,1,31.9904,1,9.7867
45.166666666666664,0,0.0,1,40.007,1,5.5596,1,30.7926,1,9.9507
45.18333333333333,0,0.0,1,40.0093,1,5.4789,1,34.8243,1,10.8494
45.2,0,0.0,1,39.9814,1,5.3026,1,31.2999,1,10.6225
45.21666666666667,0,0.0,1,40.041,1,5.1385,1,31.2818,1,10.3702
45.233333333333334,0,0.0,1,40.0516,1,5.263,1,31.4707,1,10.749
45.25,0,0.0,1,40.0655,1,4.8355,1,30.9159,1,10.3267
45.266666666666666,0,0.0,1,40.0503,1,5.2177,1,31.0396,1,10.2553
45.28333333333333,0,0.0,1,40.033,1,5.4865,1,34.1756,1,10.8097
45.3,0,0.0,1,40.0142,1,5.8564,1,36.1604,1,10.1572
45.31666666666667,0,0.0,1,40.0225,1,5.6098,1,35.2959,1,10.2281
45.333333333333336,0,0.0,1,40.045,1,5.6619,1,31.038,1,10.1401
45.35,0,0.0,1,40.028,1,5.556,1,30.3985,1,10.0109
45.36666666666667,0,0.0,1,40.0244,1,5.5912,1,30.6329,1,9.7415
45.38333333333333,0,0.0,1,40.0367,1,5.6094,1,41.7575,1,9.8198
45.4,0,0.0,1,40.0238,1,5.8054,1,37.5405,1,9.971
45.416666666666664,0,0.0,1,40.0289,1,5.5954,1,31.4929,1,9.5621
45.43333333333333,0,0.0,1,40.0595,1,5.4045,1,32.7003,1,10.0834
45.45,0,0.0,1,40.0275,1,5.8589,1,32.373,1,9.6569
45.46666666666667,0,0.0,1,40.0159,1,5.5578,1,32.158,1,9.5123
45.483333333333334,0,0.0,1,40.0331,1,5.7493,1,37.5073,1,10.1943
45.5,0,0.0,1,40.0151,1,5.5222,1,39.7061,1,9.8511
45.516666666666666,0,0.0,1,40.0253,1,5.6425,1,46.6348,1,9.422
45.53333333333333,0,0.0,1,40.0343,1,5.6009,1,41.0566,1,10.0231
45.55,0,0.0,1,40.0491,1,5.7283,1,34.7462,1,9.7966
45.56666666666667,0,0.0,1,40.0574,1,5.6901,1,31.8661,1,9.8145
45.583333333333336,0,0.0,1,40.0417,1,5.393,1,34.4422,1,9.7053
45.6,0,0.0,1,40.0202,1,5.9041,1,31.5611,1,10.1099
45.61666666666667,0,0.0,1,40.0488,1,5.3372,1,32.0505,1,9.7199
45.63333333333333,0,0.0,1,40.036,1,5.7864,1,34.2634,1,9.6005
45.65,0,0.0,1,40.0377,1,5.5365,1,31.4156,1,9.9999
45.666666666666664,0,0.0,1,40.0553,1,5.5644,1,32.1331,1,9.7566
45.68333333333333,0,0.0,1,40.0561,1,5.4811,1,33.7921,1,9.6239
45.7,0,0.0,1,40.0132,1,5.8794,1,31.6714,1,9.9526
45.71666666666667,0,0.0,1,40.0375,1,5.9807,1,31.3009,1,9.8897
45.733333333333334,0,0.0,1,40.0293,1,5.5945,1,31.0087,1,9.7726
45.75,0,0.0,1,40.0367,1,5.5542,1,31.1049,1,9.8633
45.766666666666666,0,0.0,1,40.035,1,5.6106,1,30.9694,1,9.8793
45.78333333333333,0,0.0,1,40.048,1,4.8877,1,32.0051,1,10.531
45.8,0,0.0,1,39.9877,1,5.207,1,33.1353,1,9.9053
45.81666666666667,0,0.0,1,40.0011,1,5.1166,1,30.0497,1,9.8612
45.833333333333336,0,0.0,1,40.0383,1,3.5398,1,31.2435,1,9.9231
45.85,0,0.0,1,40.0361,1,2.1811,1,31.4671,1,9.8
45.86666666666667,0,0.0,1,40.0019,1,2.1693,1,30.5587,1,9.8265
45.88333333333333,0,0.0,1,40.0301,1,2.4147,1,33.316,1,9.7065
45.9,0,0.0,1,40.0085,1,2.3125,1,31.4481,1,10.116
45.916666666666664,0,0.0,1,40.017,1,2.7003,1,30.0649,1,9.6237
45.93333333333333,0,0.0,1,40.045,1,2.3158,1,30.0711,1,9.8337
45.95,0,0.0,1,40.0304,1,2.2566,1,31.229,1,9.9277
45.96666666666667,0,0.0,1,40.0293,1,2.5832,1,30.2101,1,9.663
45.983333333333334,0,0.0,1,40.0347,1,2.2639,1,32.7797,1,9.9114
46.0,0,0.0,1,39.9945,1,2.3428,1,34.4131,1,9.7971
46.016666666666666,0,0.0,1,40.0187,1,2.4104,1,38.0008,1,9.6577
46.03333333333333,0,0.0,1,40.0474,1,2.2424,1,29.9809,1,9.9249
46.05,0,0.0,1,40.0601,1,2.2541,1,30.95,1,9.6926
46.06666666666667,0,0.0,1,40.0404,1,2.3271,1,30.7943,1,9.6198
46.083333333333336,0,0.0,1,40.031,1,2.4694,1,33.3109,1,10.083
46.1,0,0.0,1,40.0202,1,2.4473,1,30.6878,1,9.7496
46.11666666666667,0,0.0,1,40.0291,1,2.2165,1,32.0555,1,9.6823
46.13333333333333,0,0.0,1,40.0418,1,2.9247,1,34.1733,1,9.9678
46.15,0,0.0,1,40.0432,1,2.5388,1,36.3095,1,9.8585
46.166666666666664,0,0.0,1,40.0546,1,2.3082,1,35.2303,1,9.7213
46.18333333333333,0,0.0,1,40.0163,1,2.39,1,36.1677,1,9.9847
46.2,0,0.0,1,40.0321,1,2.4102,1,33.1689,1,9.9091
46.21666666666667,0,0.0,1,40.0519,1,2.3657,1,31.9934,1,9.4414
46.233333333333334,0,0.0,1,40.0639,1,2.339,1,30.979,1,10.0737
46.25,0,0.0,1,40.063,1,2.3365,1,31.0083,1,9.7464
46.266666666666666,0,0.0,1,40.0652,1,2.433,1,31.6913,1,9.7829
46.28333333333333,0,0.0,1,40.0652,1,2.2057,1,32.3989,1,9.5875
46.3,0,0.0,1,40.0418,1,2.2297,1,33.1973,1,9.9688
46.31666666666667,0,0.0,1,40.0208,1,2.5842,1,35.9601,1,9.8383
46.333333333333336,0,0.0,1,40.0579,1,2.3802,1,34.6438,1,9.5335
46.35,0,0.0,1,40.0388,1,2.1755,1,31.6785,1,9.8903
46.36666666666667,0,0.0,0,0.0,1,2.3717,1,32.1389,1,9.9471
46.38333333333333,0,0.0,0,0.0,1,2.4185,1,31.0612,1,10.3805
46.4,0,0.0,0,0.0,1,2.0319,1,7.0508,1,10.0272
46.416666666666664,0,0.0,0,0.0,1,2.1005,1,1.4112,1,10.0042
46.43333333333333,0,0.0,0,0.0,1,2.381,1,1.4637,1,9.7517
46.45,0,0.0,0,0.0,1,2.6287,1,1.1597,1,10.0858
46.46666666666667,0,0.0,0,0.0,1,2.4054,1,1.4232,1,9.6362
46.483333333333334,0,0.0,0,0.0,1,2.2614,1,1.3994,1,9.5535
46.5,0,0.0,0,0.0,1,2.4271,1,1.4489,1,10.2258
46.516666666666666,0,0.0,0,0.0,1,2.3835,1,1.4631,1,9.6495
46.53333333333333,0,0.0,0,0.0,1,2.3407,1,1.4298,1,9.9055
46.55,0,0.0,0,0.0,1,2.2476,1,1.4102,1,10.0302
46.56666666666667,0,0.0,0,0.0,1,2.4771,1,1.4303,1,9.5865
46.583333333333336,0,0.0,0,0.0,1,2.3739,1,1.4286,1,9.7022
46.6,0,0.0,0,0.0,1,2.1644,1,1.3853,1,9.9164
46.61666666666667,0,0.0,0,0.0,1,2.3276,1,1.423,1,9.6287
46.63333333333333,0,0.0,0,0.0,1,2.4473,1,1.4422,1,9.9298
46.65,0,0.0,0,0.0,1,2.2999,1,1.4185,1,9.7753
46.666666666666664,0,0.0,0,0.0,1,2.2829,1,1.4255,1,9.9698
46.68333333333333,0,0.0,0,0.0,1,2.471,1,1.4263,1,9.5127
46.7,0,0.0,0,0.0,1,2.3046,1,1.4237,1,10.0037
46.71666666666667,0,0.0,0,0.0,1,2.3429,1,1.4247,1,9.8506
46.733333333333334,0,0.0,0,0.0,1,2.4776,1,1.4145,1,9.4918
46.75,0,0.0,0,0.0,1,2.2404,1,1.4242,1,10.1281
46.766666666666666,0,0.0,0,0.0,1,2.421,1,1.4073,1,9.8974
46.78333333333333,0,0.0,0,0.0,1,2.3385,1,1.4145,1,9.6956
46.8,0,0.0,0,0.0,1,2.2909,1,1.4233,1,9.6634
46.81666666666667,0,0.0,0,0.0,1,2.4052,1,1.4203,1,9.9312
46.833333333333336,0,0.0,0,0.0,1,2.0943,1,1.4062,1,9.5667
46.85,0,0.0,0,0.0,1,2.6051,1,1.4121,1,9.8558
46.86666666666667,0,0.0,0,0.0,1,2.4305,1,1.4162,1,9.9828
46.88333333333333,0,0.0,0,0.0,1,2.2433,1,1.4181,1,9.6343
46.9,0,0.0,0,0.0,1,2.279,1,1.436,1,9.8023
46.916666666666664,0,0.0,0,0.0,1,2.5038,1,1.4543,1,10.0471
46.93333333333333,0,0.0,0,0.0,1,2.1574,1,1.4248,1,9.6082
46.95,0,0.0,0,0.0,1,2.4357,1,1.4618,1,9.7814
46.96666666666667,0,0.0,0,0.0,1,2.5161,1,1.1121,1,10.2941
46.983333333333334,0,0.0,0,0.0,1,2.3604,1,1.4199,1,9.9158
47.0,0,0.0,0,0.0,1,2.241,1,1.4176,1,10.0732
47.016666666666666,0,0.0,0,0.0,1,2.1328,1,1.458,1,10.2899
47.03333333333333,0,0.0,0,0.0,1,2.6244,1,1.4225,1,9.3717
47.05,0,0.0,0,0.0,1,2.3565,1,1.4065,1,10.0501
47.06666666666667,0,0.0,0,0.0,1,2.3509,1,1.4215,1,9.8271
47.083333333333336,0,0.0,0,0.0,1,2.1986,1,1.3361,1,9.4977
47.1,0,0.0,0,0.0,1,2.1396,1,1.4242,1,9.9498
47.11666666666667,0,0.0,0,0.0,1,2.2223,1,1.4242,1,9.9083
47.13333333333333,0,0.0,1,39.9605,1,2.7316,1,1.4241,1,9.7013
47.15,0,0.0,1,39.9548,1,2.4865,1,1.4291,1,9.8324
47.166666666666664,0,0.0,1,39.983,1,2.1093,1,1.4034,1,9.9707
47.18333333333333,0,0.0,1,40.0075,1,2.4801,1,1.4233,1,9.6684
47.2,0,0.0,1,39.9859,1,2.4618,1,1.4149,1,10.1418
47.21666666666667,0,0.0,1,40.0024,1,2.336,1,1.4242,1,9.7906
47.233333333333334,0,0.0,1,39.9974,1,2.3414,1,1.4193,1,9.3712
47.25,0,0.0,1,39.9776,1,2.2554,1,1.4297,1,9.973
47.266666666666666,0,0.0,1,39.9736,1,2.412,1,1.4243,1,9.995
47.28333333333333,0,0.0,1,39.9864,1,2.3902,1,1.4363,1,9.5335
47.3,0,0.0,1,39.9838,1,2.2244,1,1.4159,1,9.7946
47.31666666666667,0,0.0,1,40.0104,1,2.2577,1,1.4149,1,9.9187
47.333333333333336,0,0.0,1,39.9854,1,2.5005,1,1.4268,1,9.8022
47.35,0,0.0,1,39.9942,1,2.3768,1,1.4198,1,9.6077
47.36666666666667,0,0.0,1,39.9552,1,2.3313,1,1.4256,1,10.1584
47.38333333333333,0,0.0,1,39.9717,1,2.3523,1,1.4237,1,9.5044
47.4,0,0.0,1,39.9961,1,2.3883,1,1.4215,1,9.822
47.416666666666664,0,0.0,1,40.0061,1,2.2119,1,1.4262,1,9.8207
47.43333333333333,0,0.0,1,39.9945,1,2.4728,1,1.1688,1,9.9288
47.45,0,0.0,1,39.9845,1,2.4752,1,1.4635,1,9.6234
47.46666666666667,0,0.0,1,39.9918,1,2.8249,1,1.4252,1,10.0585
47.483333333333334,0,0.0,1,39.9477,1,2.2634,1,1.4223,1,9.8117
47.5,0,0.0,1,39.9922,1,2.1521,1,1.4243,1,9.4248
47.516666666666666,0,0.0,1,39.9984,1,2.2451,1,1.4356,1,10.2606
47.53333333333333,0,0.0,1,39.984,1,2.4971,1,1.4335,1,9.5438
47.55,0,0.0,1,39.988,1,2.2408,1,1.4192,1,9.5882
47.56666666666667,0,0.0,1,39.9742,1,2.3017,1,1.439,1,10.3812
47.583333333333336,0,0.0,1,39.9913,1,2.4014,1,0.9205,1,10.336
47.6,0,0.0,1,39.9663,1,2.3032,1,1.4134,1,9.9705
47.61666666666667,0,0.0,1,39.9764,1,2.2325,1,1.4216,1,10.1839
47.63333333333333,0,0.0,1,39.9862,1,2.4042,1,1.4265,1,9.6834
47.65,0,0.0,1,39.9679,1,2.3339,1,1.4291,1,9.7206
47.666666666666664,0,0.0,1,39.9592,1,2.1585,1,1.4304,1,9.6166
47.68333333333333,0,0.0,1,39.9828,1,2.4963,1,1.4459,1,10.1123
47.7,0,0.0,1,39.9434,1,2.323,1,1.4088,1,9.7712
47.71666666666667,0,0.0,1,39.9478,1,2.4666,1,1.4147,1,9.6627
47.733333333333334,0,0.0,1,39.9584,1,2.4974,1,1.4233,1,9.9068
47.75,0,0.0,1,39.9748,1,2.2955,1,1.4134,1,9.8849
47.766666666666666,0,0.0,1,39.9755,1,2.2789,1,1.4152,1,9.6796
47.78333333333333,0,0.0,1,39.9795,1,2.1713,1,1.4182,1,9.6919
47.8,0,0.0,1,39.9417,1,2.293,1,1.4178,1,9.8277
47.81666666666667,0,0.0,1,39.9366,1,2.4725,1,1.4117,1,9.8575
47.833333333333336,0,0.0,1,39.9538,1,2.5694,1,1.4199,1,9.7605
47.85,0,0.0,1,39.9488,1,2.3004,1,1.4277,1,9.6559
47.86666666666667,0,0.0,1,39.9674,1,2.4486,1,1.4166,1,9.8065
47.88333333333333,0,0.0,1,39.9799,1,2.4023,1,1.4149,1,10.0866
47.9,0,0.0,1,39.96,1,2.1796,1,1.4408,1,9.5719
47.916666666666664,0,0.0,1,39.9239,1,2.4183,1,1.4061,1,9.7845
47.93333333333333,0,0.0,1,39.9355,1,2.4457,1,1.4235,1,9.8171
47.95,0,0.0,1,39.9616,1,2.3892,1,1.4081,1,9.9709
47.96666666666667,0,0.0,1,39.9338,1,2.2315,1,1.4273,1,9.4688
47.983333333333334,0,0.0,1,39.9602,1,2.6197,1,1.3811,1,9.9361
48.0,0,0.0,1,39.9329,1,2.2791,1,1.4286,1,9.9347
48.016666666666666,0,0.0,1,39.9262,1,2.3637,1,1.4421,1,9.6016
48.03333333333333,0,0.0,1,39.9084,1,2.1611,1,1.4058,1,9.7465
48.05,0,0.0,1,39.9225,1,2.5232,1,1.4176,1,9.8122
48.06666666666667,0,0.0,1,39.9197,1,2.4769,1,1.4251,1,9.9065
48.083333333333336,0,0.0,1,39.8967,1,2.2757,1,1.4286,1,9.786
48.1,0,0.0,1,39.9588,1,2.1225,1,1.4144,1,9.4601
48.11666666666667,0,0.0,1,39.9406,1,2.3353,1,1.4344,1,10.2307
48.13333333333333,0,0.0,1,39.91,1,2.6099,1,1.4185,1,9.6147
48.15,0,0.0,1,39.9382,1,2.2747,1,1.4355,1,9.7905
48.166666666666664,0,0.0,1,39.9333,1,2.1532,1,1.4168,1,10.2532
48.18333333333333,0,0.0,1,39.9115,1,2.3378,1,1.428,1,10.0994
48.2,0,0.0,1,39.9303,1,2.3998,1,1.4095,1,9.7995
48.21666666666667,0,0.0,1,39.9509,1,2.4473,1,1.4322,1,10.3986
48.233333333333334,0,0.0,1,39.9128,1,2.284,1,1.4174,1,9.8068
48.25,0,0.0,1,39.9409,1,2.2011,1,1.4222,1,9.5506
48.266666666666666,0,0.0,1,39.9228,1,2.439,1,1.4141,1,9.8443
48.28333333333333,0,0.0,1,39.9259,1,2.3122,1,1.4095,1,10.0603
48.3,0,0.0,1,39.9534,1,2.2994,1,1.4283,1,9.2053
48.31666666666667,0,0.0,1,39.978,1,2.517,1,1.4347,1,9.9138
48.333333333333336,0,0.0,1,39.9555,1,2.3692,1,1.4244,1,10.2176
48.35,0,0.0,1,39.9393,1,2.219,1,1.4202,1,9.5527
48.36666666666667,0,0.0,1,39.9492,1,2.299,1,1.4325,1,9.7127
48.38333333333333,0,0.0,1,39.9725,1,2.4201,1,1.4399,1,9.7092
48.4,0,0.0,1,39.9344,1,2.3636,1,1.4241,1,10.0772
48.416666666666664,0,0.0,1,39.965,1,2.3024,1,1.4281,1,9.353
48.43333333333333,0,0.0,1,39.9378,1,2.3572,1,1.4101,1,9.8817
48.45,0,0.0,1,39.9618,1,2.2143,1,1.4178,1,10.2465
48.46666666666667,0,0.0,1,39.9403,1,2.2294,1,1.4209,1,9.6532
48.483333333333334,0,0.0,1,39.9496,1,2.303,1,1.4187,1,9.7243
48.5,0,0.0,1,39.9174,1,2.1314,1,1.3916,1,10.1352
48.516666666666666,0,0.0,1,39.9292,1,2.6395,1,1.4461,1,9.8401
48.53333333333333,0,0.0,1,39.906,1,2.3068,1,1.4133,1,9.3189
48.55,0,0.0,1,39.9277,1,2.345,1,1.4342,1,9.9741
48.56666666666667,0,0.0,1,39.8981,1,2.4855,1,1.4292,1,10.0002
48.583333333333336,0,0.0,1,39.9062,1,2.1426,1,1.4271,1,9.5574
48.6,0,0.0,1,39.9272,1,2.5406,1,1.3457,1,9.7872
48.61666666666667,0,0.0,1,39.9204,1,2.5875,1,1.4289,1,10.061
48.63333333333333,0,0.0,1,39.9255,1,2.2802,1,1.413,1,9.5063
48.65,0,0.0,1,39.9603,1,2.2127,1,1.4289,1,9.9245
48.666666666666664,0,0.0,1,39.9373,1,2.5247,1,1.4304,1,10.0425
48.68333333333333,0,0.0,1,39.9195,1,2.3171,1,1.4264,1,9.7096
48.7,0,0.0,1,39.9212,1,2.1539,1,1.4146,1,9.95
48.71666666666667,0,0.0,1,39.9631,1,2.5049,1,1.4273,1,9.5509
48.733333333333334,0,0.0,1,39.9211,1,2.314,1,1.43,1,9.554
48.75,0,0.0,1,39.9395,1,2.3372,1,1.4225,1,10.2947
48.766666666666666,0,0.0,1,39.9286,1,2.426,1,1.4163,1,9.7907
48.78333333333333,0,0.0,1,39.9247,1,2.2591,1,1.4201,1,10.0639
48.8,0,0.0,1,39.9294,1,2.4433,1,1.4128,1,10.4312
48.81666666666667,0,0.0,1,39.9474,1,2.1544,1,1.4477,1,9.9093
48.833333333333336,0,0.0,1,39.9313,1,2.1876,1,1.4309,1,9.8328
48.85,0,0.0,1,39.9298,1,2.6975,1,1.4253,1,9.7736
48.86666666666667,0,0.0,1,39.9332,1,2.1463,1,1.4266,1,9.8767
48.88333333333333,0,0.0,1,39.9546,1,2.1893,1,1.426,1,9.6904
48.9,0,0.0,1,39.93,1,2.4185,1,1.4323,1,9.7253
48.916666666666664,0,0.0,1,39.9209,1,2.42,1,1.4384,1,9.7322
48.93333333333333,0,0.0,1,39.9319,1,2.2593,1,1.4255,1,10.0839
48.95,0,0.0,1,39.9322,1,2.4627,1,1.4065,1,9.9065
48.96666666666667,0,0.0,1,39.9337,1,2.3462,1,1.4308,1,9.7184
48.983333333333334,0,0.0,1,39.9456,1,2.3839,1,1.4106,1,9.7751
49.0,0,0.0,1,39.9312,1,2.3188,1,1.4221,1,9.6551
49.016666666666666,0,0.0,1,39.9132,1,2.4147,1,1.4304,1,9.8478
49.03333333333333,0,0.0,1,39.9149,1,2.3503,1,1.4401,1,9.6336
49.05,0,0.0,1,39.9427,1,2.2522,1,1.413,1,9.863
49.06666666666667,0,0.0,1,39.8748,1,2.4251,1,1.446,1,9.94
49.083333333333336,0,0.0,1,39.9216,1,2.2724,1,1.4226,1,9.7549
49.1,0,0.0,1,39.9229,1,2.1904,1,1.4268,1,9.707
49.11666666666667,0,0.0,1,39.9213,1,2.5526,1,1.4312,1,9.987
49.13333333333333,0,0.0,1,39.9122,1,2.2721,1,1.4234,1,9.9593
49.15,0,0.0,1,39.9417,1,2.2385,1,1.4264,1,12.9872
49.166666666666664,0,0.0,1,39.9082,1,2.2625,1,1.413,1,10.8035
49.18333333333333,0,0.0,1,39.8968,1,2.0469,1,1.4241,1,10.0936
49.2,0,0.0,1,39.942,1,2.3402,1,1.3884,1,10.0896
49.21666666666667,0,0.0,1,39.9119,1,2.8348,1,1.3876,1,9.8275
49.233333333333334,0,0.0,1,39.906,1,2.2167,1,1.4157,1,9.9566
49.25,0,0.0,1,39.9154,1,2.3385,1,1.4241,1,10.3903
49.266666666666666,0,0.0,1,39.9158,1,2.5787,1,1.4202,1,9.577
49.28333333333333,0,0.0,1,39.8941,1,2.1368,1,1.4316,1,10.0567
49.3,0,0.0,1,39.8929,1,2.3603,1,1.4232,1,9.7813
49.31666666666667,0,0.0,1,39.9033,1,2.4745,1,1.4307,1,9.6155
49.333333333333336,0,0.0,1,39.8822,1,2.3634,1,1.4267,1,9.8325
49.35,0,0.0,1,39.8976,1,2.2652,1,1.4218,1,9.798
49.36666666666667,0,0.0,1,39.939,1,2.3344,1,1.4257,1,9.4902
49.38333333333333,0,0.0,1,39.9103,1,2.3171,1,1.4234,1,10.0696
49.4,0,0.0,1,39.8993,1,2.4797,1,1.4292,1,9.7298
49.416666666666664,0,0.0,1,39.9158,1,2.3114,1,1.4342,1,9.7455
49.43333333333333,0,0.0,1,39.9113,1,2.3472,1,1.4007,1,10.2214
49.45,0,0.0,1,39.9048,1,2.4767,1,1.4305,1,9.5694
49.46666666666667,0,0.0,1,39.8822,1,2.1729,1,1.422,1,9.6195
49.483333333333334,0,0.0,1,39.9379,1,2.4096,1,1.4152,1,9.9955
49.5,0,0.0,1,39.9288,1,2.2524,1,1.4283,1,9.596
49.516666666666666,0,0.0,1,39.9053,1,2.2774,1,1.4208,1,10.2187
49.53333333333333,0,0.0,1,39.9208,1,2.5374,1,1.4271,1,9.7808
49.55,0,0.0,1,39.9253,1,2.2428,1,1.4145,1,9.6674
49.56666666666667,0,0.0,1,39.895,1,2.2698,1,1.355,1,9.879
49.583333333333336,0,0.0,1,39.8941,1,2.5957,1,1.4118,1,9.7244
49.6,0,0.0,1,39.9027,1,2.2396,1,1.4264,1,9.7452
49.61666666666667,0,0.0,1,39.8852,1,2.294,1,1.4508,1,9.7329
49.63333333333333,0,0.0,1,39.8881,1,2.486,1,1.4234,1,9.9669
49.65,0,0.0,1,39.8933,1,2.3856,1,1.4143,1,9.8696
49.666666666666664,0,0.0,1,39.8806,1,2.0106,1,1.4212,1,9.5699
49.68333333333333,0,0.0,1,39.8955,1,2.7022,1,1.4116,1,10.0649
49.7,0,0.0,1,39.9076,1,2.2849,1,1.4355,1,9.7272
49.71666666666667,0,0.0,1,39.9061,1,2.1993,1,1.4104,1,9.7404
49.733333333333334,0,0.0,1,39.886,1,2.3134,1,1.4754,1,9.9078
49.75,0,0.0,1,39.8917,1,2.4795,1,1.5908,1,9.6979
49.766666666666666,0,0.0,1,39.8975,1,2.1431,1,1.4165,1,9.766
49.78333333333333,0,0.0,1,39.8809,1,2.4378,1,1.4069,1,9.6584
49.8,0,0.0,1,39.8753,1,2.5262,1,1.4234,1,10.1127
49.81666666666667,0,0.0,1,39.8974,1,2.445,1,1.4217,1,9.6297
49.833333333333336,0,0.0,1,39.9027,1,2.1984,1,1.4357,1,9.8075
49.85,0,0.0,1,39.8892,1,2.2765,1,1.4218,1,9.9433
49.86666666666667,0,0.0,1,39.8819,1,2.3205,1,1.4161,1,9.474
49.88333333333333,0,0.0,1,39.8823,1,2.1754,1,1.4251,1,9.9238
49.9,0,0.0,1,39.8696,1,2.3781,1,1.4258,1,9.9508
49.916666666666664,0,0.0,1,39.8856,1,2.6524,1,1.4235,1,9.5009
49.93333333333333,0,0.0,1,39.8995,1,2.4643,1,1.3763,1,10.1054
49.95,0,0.0,1,39.8883,1,2.2521,1,1.4174,1,9.6928
49.96666666666667,0,0.0,1,39.8731,1,2.3369,1,1.4106,1,9.7086
49.983333333333334,0,0.0,1,39.8863,1,2.4485,1,1.4439,1,9.9319
50.0,0,0.0,1,39.8925,1,2.3732,1,1.425,1,9.9122
50.016666666666666,0,0.0,1,39.8717,1,2.2887,1,1.4135,1,9.6758
50.03333333333333,0,0.0,1,39.8755,1,2.3056,1,1.4048,1,9.9713
50.05,0,0.0,1,39.8853,1,2.4779,1,1.3419,1,9.5831
50.06666666666667,0,0.0,1,39.8594,1,2.3691,1,1.4319,1,9.7077
50.083333333333336,0,0.0,1,39.8774,1,2.355,1,1.4216,1,10.0616
50.1,0,0.0,1,39.868,1,2.496,1,1.401,1,9.6598
50.11666666666667,0,0.0,1,39.8911,1,2.251,1,1.4159,1,9.7812
50.13333333333333,0,0.0,1,39.8843,1,2.1781,1,1.3473,1,9.8547
50.15,0,0.0,1,39.8993,1,2.4799,1,1.4145,1,9.7267
50.166666666666664,0,0.0,1,39.8659,1,2.321,1,1.4218,1,10.1619
50.18333333333333,0,0.0,1,39.8686,1,2.2866,1,1.4041,1,9.7294
50.2,0,0.0,1,39.8913,1,2.4085,1,1.4233,1,9.7227
50.21666666666667,0,0.0,1,39.8284,1,2.3795,1,1.4425,1,10.5019
50.233333333333334,0,0.0,1,39.8743,1,2.3952,1,1.4772,1,9.5998
50.25,0,0.0,1,39.91,1,2.321,1,1.4193,1,9.3834
50.266666666666666,0,0.0,1,39.8946,1,2.4154,1,1.4288,1,9.99
50.28333333333333,0,0.0,1,39.8602,1,2.2591,1,1.4179,1,9.9036
50.3,0,0.0,1,39.8774,1,2.2152,1,1.4202,1,9.6043
50.31666666666667,0,0.0,1,39.8822,1,2.3707,1,1.4126,1,9.8417
50.333333333333336,0,0.0,1,39.8655,1,2.3297,1,1.4076,1,9.9629
50.35,0,0.0,1,39.9019,1,2.2376,1,1.4194,1,9.4645
50.36666666666667,0,0.0,1,39.8992,1,2.4607,1,1.41,1,9.7537
50.38333333333333,0,0.0,1,39.8805,1,2.3761,1,1.4249,1,9.9685
50.4,0,0.0,1,39.8868,1,2.387,1,1.4234,1,9.8241
50.416666666666664,0,0.0,1,39.8821,1,2.2634,1,1.4328,1,9.4874
50.43333333333333,0,0.0,1,39.8824,1,2.3592,1,1.4247,1,9.7644
50.45,0,0.0,1,39.8933,1,2.4726,1,1.388,1,10.0852
50.46666666666667,0,0.0,1,39.9097,1,2.2806,1,1.4552,1,9.5046
50.483333333333334,0,0.0,1,39.8855,1,2.1885,1,1.4242,1,10.0423
50.5,0,0.0,1,39.8791,1,2.6024,1,1.3897,1,9.7547
50.516666666666666,0,0.0,1,39.8949,1,2.222,1,1.4598,1,9.4852
50.53333333333333,0,0.0,1,39.8623,1,2.2535,1,1.3483,1,10.0316
50.55,0,0.0,1,39.8849,1,2.3105,1,1.3987,1,9.69
50.56666666666667,0,0.0,1,39.8979,1,2.2101,1,1.4193,1,9.7604
50.583333333333336,0,0.0,1,39.9144,1,2.3781,1,1.4341,1,9.7205
50.6,0,0.0,1,39.8952,1,2.4452,1,1.4659,1,9.7162
50.61666666666667,0,0.0,1,39.8986,1,2.5258,1,1.4105,1,9.7588
50.63333333333333,0,0.0,1,39.8955,1,2.375,1,1.4198,1,10.0769
50.65,0,0.0,1,39.8847,1,2.3268,1,1.4042,1,9.7415
50.666666666666664,0,0.0,1,39.907,1,2.3574,1,1.4237,1,9.5911
50.68333333333333,0,0.0,1,39.915,1,2.5069,1,1.4229,1,10.0644
50.7,0,0.0,1,39.909,1,2.1265,1,1.4387,1,9.3016
50.71666666666667,0,0.0,1,39.9293,1,2.5088,1,1.4185,1,9.8581
50.733333333333334,0,0.0,1,39.8989,1,2.2686,1,1.4192,1,9.9616
50.75,0,0.0,1,39.8696,1,2.452,1,1.4344,1,9.4954
50.766666666666666,0,0.0,1,39.9023,1,2.3809,1,1.4233,1,9.9359
50.78333333333333,0,0.0,1,39.8971,1,2.349,1,1.4147,1,9.966
50.8,0,0.0,1,39.9266,1,2.4028,1,1.4227,1,9.5784
50.81666666666667,0,0.0,1,39.9146,1,2.0828,1,1.4292,1,9.6765
50.833333333333336,0,0.0,1,39.9021,1,2.1751,1,1.4152,1,10.0665
50.85,0,0.0,1,39.8921,1,2.5072,1,1.4116,1,9.8059
50.86666666666667,0,0.0,1,39.8744,1,3.1001,1,1.4185,1,9.7102
50.88333333333333,0,0.0,1,39.8882,1,3.2833,1,1.4205,1,9.8681
50.9,0,0.0,1,39.868,1,3.5176,1,1.4271,1,9.6179
50.916666666666664,0,0.0,1,39.9031,1,3.765,1,1.4278,1,9.9243
50.93333333333333,0,0.0,1,39.9118,1,3.5128,1,1.4049,1,9.9544
50.95,0,0.0,1,39.901,1,3.7742,1,1.4228,1,9.8341
50.96666666666667,0,0.0,1,39.8751,1,3.1745,1,1.461,1,9.6871
50.983333333333334,0,0.0,1,39.865,1,3.5662,1,1.4132,1,9.971
51.0,0,0.0,1,39.8465,1,3.283,1,1.4114,1,9.786
51.016666666666666,0,0.0,1,39.8826,1,3.767,1,1.4169,1,9.7108
51.03333333333333,0,0.0,1,39.8665,1,3.7312,1,1.4113,1,9.8816
51.05,0,0.0,1,39.8655,1,3.3712,1,1.4718,1,9.8311
51.06666666666667,0,0.0,1,39.8454,1,3.6599,1,1.5125,1,9.7848
51.083333333333336,0,0.0,1,39.8484,1,3.4841,1,1.4228,1,9.598
51.1,0,0.0,1,39.8184,1,3.2743,1,1.4166,1,9.8658
51.11666666666667,0,0.0,1,39.8509,1,3.6551,1,1.4184,1,9.5181
51.13333333333333,0,0.0,1,39.872,1,3.5436,1,1.4212,1,9.412
51.15,0,0.0,1,39.8794,1,3.5034,1,1.4305,1,9.6485
51.166666666666664,0,0.0,1,39.857,1,3.7556,1,1.4318,1,9.805
51.18333333333333,0,0.0,1,39.846,1,3.374,1,1.4195,1,9.6491
51.2,0,0.0,1,39.8287,1,3.8128,1,1.4212,1,9.8743
51.21666666666667,0,0.0,1,39.8204,1,3.5,1,1.4234,1,9.4382
51.233333333333334,0,0.0,1,39.8645,1,3.4459,1,1.4216,1,10.0114
51.25,0,0.0,1,39.8546,1,3.6958,1,1.4193,1,9.6095
51.266666666666666,0,0.0,1,39.8519,1,3.5874,1,1.4186,1,9.7464
51.28333333333333,0,0.0,1,39.8347,1,3.4798,1,1.4189,1,9.6054
51.3,0,0.0,1,39.8118,1,3.4185,1,1.4137,1,9.8891
51.31666666666667,0,0.0,1,39.8088,1,3.3335,1,1.4348,1,9.6969
51.333333333333336,0,0.0,1,39.82,1,3.9365,1,1.4218,1,9.4883
51.35,0,0.0,1,39.8498,1,3.694,1,1.4263,1,9.9479
51.36666666666667,0,0.0,1,39.8394,1,3.4474,1,1.4149,1,9.4138
51.38333333333333,0,0.0,1,39.8391,1,3.6501,1,1.4104,1,9.7738
51.4,0,0.0,1,39.8432,1,3.518,1,1.4302,1,9.9256
51.416666666666664,0,0.0,1,39.8464,1,3.2563,1,1.4153,1,9.4319
51.43333333333333,0,0.0,1,39.8272,1,3.604,1,1.3855,1,10.0241
51.45,0,0.0,1,39.8462,1,3.7287,1,1.4333,1,9.8481
51.46666666666667,0,0.0,1,39.8515,1,3.3618,1,1.2263,1,9.4791
51.483333333333334,0,0.0,1,39.848,1,3.9651,1,1.4186,1,10.0045
51.5,0,0.0,1,39.863,1,3.741,1,1.4153,1,9.5745
51.516666666666666,0,0.0,1,39.8453,1,3.8802,1,1.4663,1,9.5817
51.53333333333333,0,0.0,1,39.8174,1,3.7362,1,1.4213,1,9.852
51.55,0,0.0,1,39.8361,1,3.5028,1,1.4229,1,9.6412
51.56666666666667,0,0.0,1,39.8696,1,3.6513,1,1.4206,1,9.9002
51.583333333333336,0,0.0,1,39.8647,1,3.7647,1,1.4292,1,9.3872
51.6,0,0.0,1,39.8523,1,3.3985,1,1.4311,1,9.6525
51.61666666666667,0,0.0,1,39.8235,1,3.5396,1,1.3922,1,9.8949
51.63333333333333,0,0.0,1,39.8155,1,3.6194,1,1.4236,1,9.8049
51.65,0,0.0,1,39.8316,1,3.6009,1,1.4291,1,9.7352
51.666666666666664,0,0.0,1,39.8364,1,3.6345,1,1.411,1,9.611
51.68333333333333,0,0.0,1,39.8394,1,3.7746,1,1.4223,1,9.8609
51.7,0,0.0,1,39.8233,1,3.6273,1,1.4119,1,9.675
51.71666666666667,0,0.0,1,39.84,1,3.6478,1,1.4334,1,9.5629
51.733333333333334,0,0.0,1,39.8302,1,3.761,1,1.439,1,9.8863
51.75,0,0.0,1,39.8343,1,3.7486,1,1.4295,1,9.6986
51.766666666666666,0,0.0,1,39.8353,1,3.6098,1,1.4411,1,10.0637
51.78333333333333,0,0.0,1,39.8345,1,3.4888,1,1.4412,1,10.4123
51.8,0,0.0,1,39.8608,1,3.5627,1,1.4399,1,10.2282
51.81666666666667,0,0.0,1,39.8564,1,3.7075,1,330.2172,1,10.3537
51.833333333333336,0,0.0,1,39.827,1,3.8856,1,31.5874,1,10.3991
51.85,0,0.0,1,39.8325,1,4.1452,1,8.3039,1,9.8461
51.86666666666667,0,0.0,1,39.8323,1,3.928,1,5.1304,1,10.449
51.88333333333333,0,0.0,1,39.8378,1,3.9204,1,3.2401,1,10.1679
51.9,0,0.0,1,39.8491,1,3.935,1,3.1781,1,10.0081
51.916666666666664,0,0.0,1,39.8624,1,4.154,1,2.7292,1,10.0096
51.93333333333333,0,0.0,1,39.8315,1,3.912,1,2.4458,1,9.7767
51.95,0,0.0,1,39.8614,1,4.1136,1,2.325,1,9.7278
51.96666666666667,0,0.0,1,39.8708,1,4.009,1,1.9668,1,9.833
51.983333333333334,0,0.0,1,39.857,1,3.6393,1,2.0992,1,10.1219
52.0,0,0.0,1,39.84,1,3.9113,1,1.9931,1,10.2017
52.016666666666666,0,0.0,1,39.8675,1,4.2498,1,2.1075,1,10.3748
52.03333333333333,0,0.0,1,39.8385,1,3.9878,1,2.0189,1,10.6111
52.05,0,0.0,1,39.8655,1,4.1679,1,1.8693,1,10.2939
52.06666666666667,0,0.0,1,39.8576,1,4.0705,1,1.9452,1,10.4018
52.083333333333336,0,0.0,1,39.8816,1,4.0698,1,1.8475,1,10.4041
52.1,0,0.0,1,39.8739,1,3.9653,1,1.932,1,9.6619
52.11666666666667,0,0.0,1,39.9008,1,4.0204,1,1.9723,1,9.4682
52.13333333333333,0,0.0,1,39.8777,1,4.2227,1,1.832,1,9.9631
52.15,0,0.0,1,39.8833,1,4.1269,1,1.7671,1,9.8554
52.166666666666664,0,0.0,1,39.8813,1,4.009,1,1.9471,1,9.5853
52.18333333333333,0,0.0,1,39.8984,1,4.0653,1,1.8441,1,9.8145
52.2,0,0.0,1,39.8834,1,4.2072,1,1.7089,1,10.1347
52.21666666666667,0,0.0,1,39.9074,1,3.9397,1,1.7818,1,9.4195
52.233333333333334,0,0.0,1,39.9195,1,3.986,1,1.7319,1,10.0839
52.25,0,0.0,1,39.8803,1,4.332,1,1.7936,1,9.7191
52.266666666666666,0,0.0,1,39.8823,1,4.1303,1,1.7786,1,9.6146
52.28333333333333,0,0.0,1,39.8919,1,3.9137,1,1.7387,1,9.933
52.3,0,0.0,1,39.8845,1,4.1195,1,1.7486,1,9.5798
52.31666666666667,0,0.0,1,39.8766,1,4.1166,1,1.775,1,9.6589
52.333333333333336,0,0.0,1,39.8894,1,4.1467,1,1.8174,1,9.9365
52.35,0,0.0,1,39.8866,1,3.8479,1,1.7601,1,9.2473
52.36666666666667,0,0.0,1,39.9081,1,3.9518,1,1.7781,1,9.9124
52.38333333333333,0,0.0,1,39.925,1,4.2295,1,1.6982,1,9.9204
52.4,0,0.0,1,39.9144,1,4.0673,1,2.5927,1,9.3613
52.416666666666664,0,0.0,1,39.9122,1,3.8618,1,5.8321,1,9.7339
52.43333333333333,0,0.0,1,39.896,1,4.2823,1,8.0916,1,10.0749
52.45,0,0.0,1,39.9211,1,4.0395,1,4.2426,1,9.6299
52.46666666666667,0,0.0,1,39.9168,1,4.1785,1,2.4327,1,9.6018
52.483333333333334,0,0.0,1,39.9275,1,4.0128,1,2.3654,1,9.82
52.5,0,0.0,1,39.9213,1,4.3678,1,2.2264,1,9.8553
52.516666666666666,0,0.0,1,39.889,1,4.258,1,1.9801,1,9.5028
52.53333333333333,0,0.0,1,39.8747,1,4.1122,1,1.9818,1,9.9118
52.55,0,0.0,1,39.8614,1,4.1143,1,2.1126,1,9.8006
52.56666666666667,0,0.0,1,39.9225,1,4.1976,1,2.2346,1,9.7537
52.583333333333336,0,0.0,1,39.8847,1,10.7499,1,1.9762,1,9.8156
52.6,0,0.0,1,39.9031,1,47.2982,1,2.0461,1,9.6717
52.61666666666667,0,0.0,1,39.9007,1,48.6144,1,2.1044,1,9.6115
52.63333333333333,0,0.0,1,39.8674,1,48.9062,1,2.1117,1,9.9475
52.65,0,0.0,1,39.8911,1,49.4273,1,1.9695,1,9.681
52.666666666666664,0,0.0,1,39.8943,1,49.2821,1,1.8901,1,9.6819
52.68333333333333,0,0.0,1,39.9052,1,48.2134,1,2.0761,1,9.9637
52.7,0,0.0,1,39.938,1,49.734,1,1.9941,1,9.6884
52.71666666666667,0,0.0,1,39.9167,1,49.065,1,1.89,1,9.7069
52.733333333333334,0,0.0,1,39.8946,1,48.5561,1,1.9919,1,9.7543
52.75,0,0.0,1,39.8794,1,48.1228,1,2.0892,1,9.7643
52.766666666666666,0,0.0,1,39.9242,1,49.5694,1,1.9087,1,9.5084
52.78333333333333,0,0.0,1,39.9164,1,48.8353,1,2.1018,1,9.8556
52.8,0,0.0,1,39.8965,1,48.5737,1,1.9524,1,9.9055
52.81666666666667,0,0.0,1,39.9158,1,48.2651,1,2.0203,1,9.5132
52.833333333333336,0,0.0,1,39.8965,1,49.3717,1,1.8856,0,0.0
52.85,0,0.0,1,39.8792,1,48.961,1,1.9121,0,0.0
52.86666666666667,0,0.0,1,39.8849,1,48.7982,1,2.0344,0,0.0
52.88333333333333,0,0.0,1,39.9059,1,47.9157,1,1.8778,0,0.0
52.9,0,0.0,1,39.8921,1,48.2996,1,2.0522,0,0.0
52.916666666666664,0,0.0,1,39.9077,1,49.4403,1,1.907,0,0.0
52.93333333333333,0,0.0,1,39.8982,1,48.6402,1,1.9342,0,0.0
52.95,0,0.0,1,39.8587,1,47.9668,1,2.0259,0,0.0
52.96666666666667,0,0.0,1,39.8811,1,47.6243,1,1.9296,0,0.0
52.983333333333334,0,0.0,1,39.8855,1,49.5228,1,1.9961,0,0.0
53.0,0,0.0,1,39.9205,1,48.492,1,2.0295,0,0.0
53.016666666666666,0,0.0,1,39.8864,1,47.6691,1,2.0235,0,0.0
53.03333333333333,0,0.0,1,39.87,1,48.5379,1,1.9163,0,0.0
53.05,0,0.0,1,39.8429,1,48.3646,1,1.9107,0,0.0
53.06666666666667,0,0.0,1,39.8413,1,48.9411,1,1.9847,0,0.0
53.083333333333336,0,0.0,1,39.8567,1,47.0937,1,1.9073,0,0.0
53.1,0,0.0,1,39.872,1,48.0855,1,1.9548,0,0.0
53.11666666666667,0,0.0,1,39.89,1,48.7104,1,2.0026,0,0.0
53.13333333333333,0,0.0,1,39.861,1,48.5005,1,1.973,0,0.0
53.15,0,0.0,1,39.8214,1,47.5989,1,1.8547,0,0.0
53.166666666666664,0,0.0,1,39.8589,1,47.7175,1,1.9693,0,0.0
53.18333333333333,0,0.0,1,39.8613,1,49.0928,1,2.0736,0,0.0
53.2,0,0.0,1,39.8652,1,47.9364,1,1.9357,0,0.0
53.21666666666667,0,0.0,1,39.8769,1,47.5787,1,2.5964,0,0.0
53.233333333333334,0,0.0,1,39.8683,1,47.5888,1,2.4168,0,0.0
53.25,0,0.0,1,39.8462,1,49.2774,1,2.1745,0,0.0
53.266666666666666,0,0.0,1,39.8523,1,47.5123,1,2.0455,0,0.0
53.28333333333333,0,0.0,1,39.8775,1,2.208,0,0.0,0,0.0
53.3,0,0.0,1,39.8418,1,2.4579,0,0.0,0,0.0
53.31666666666667,0,0.0,1,39.8736,1,2.2616,0,0.0,0,0.0
53.333333333333336,0,0.0,1,39.8747,1,2.5193,0,0.0,0,0.0
53.35,0,0.0,1,39.8569,1,2.5172,0,0.0,0,0.0
53.36666666666667,0,0.0,1,39.8623,1,2.4573,0,0.0,0,0.0
53.38333333333333,0,0.0,1,39.8681,1,2.2053,0,0.0,0,0.0
53.4,0,0.0,1,39.8537,1,2.332,0,0.0,0,0.0
53.416666666666664,0,0.0,1,39.8403,1,2.3243,0,0.0,0,0.0
53.43333333333333,0,0.0,1,39.8317,1,2.4648,0,0.0,0,0.0
53.45,0,0.0,1,39.848,1,2.4078,0,0.0,0,0.0
53.46666666666667,0,0.0,1,39.8667,1,2.2648,0,0.0,0,0.0
53.483333333333334,0,0.0,1,39.8688,1,2.34,0,0.0,0,0.0
53.5,0,0.0,1,39.8571,1,2.4269,0,0.0,0,0.0
53.516666666666666,0,0.0,1,39.8171,1,2.2982,0,0.0,0,0.0
53.53333333333333,0,0.0,1,39.832,1,2.2358,0,0.0,0,0.0
53.55,0,0.0,1,39.855,1,2.4537,0,0.0,0,0.0
53.56666666666667,0,0.0,1,39.8462,1,2.4266,0,0.0,0,0.0
53.583333333333336,0,0.0,1,39.8767,1,2.1324,0,0.0,0,0.0
53.6,0,0.0,1,39.8792,1,2.1422,0,0.0,0,0.0
53.61666666666667,0,0.0,1,39.8588,1,2.3652,0,0.0,0,0.0
53.63333333333333,0,0.0,1,39.8324,1,2.3004,0,0.0,0,0.0
53.65,0,0.0,1,39.8596,1,2.5712,0,0.0,0,0.0
53.666666666666664,0,0.0,1,39.8503,1,2.3578,0,0.0,0,0.0
53.68333333333333,0,0.0,1,39.8729,1,2.3915,0,0.0,0,0.0
53.7,0,0.0,1,39.8854,1,2.3078,0,0.0,0,0.0
53.71666666666667,0,0.0,1,39.8644,1,2.3778,0,0.0,0,0.0
53.733333333333334,0,0.0,1,39.8357,1,2.2331,0,0.0,0,0.0
53.75,0,0.0,1,39.8457,1,2.5519,0,0.0,0,0.0
53.766666666666666,0,0.0,1,39.8726,1,2.239,0,0.0,0,0.0
53.78333333333333,0,0.0,1,39.8585,1,47.486,0,0.0,0,0.0
53.8,0,0.0,1,39.8721,1,47.6864,0,0.0,0,0.0
53.81666666666667,0,0.0,1,39.8666,1,48.7153,0,0.0,0,0.0
53.833333333333336,0,0.0,1,39.8205,1,47.8738,0,0.0,0,0.0
53.85,0,0.0,1,39.8322,1,47.3892,0,0.0,0,0.0
53.86666666666667,0,0.0,1,39.8778,1,48.0887,0,0.0,0,0.0
53.88333333333333,0,0.0,1,39.8593,1,47.6687,0,0.0,0,0.0
53.9,0,0.0,1,39.8602,1,48.5076,0,0.0,0,0.0
53.916666666666664,0,0.0,1,39.8762,1,47.7629,0,0.0,0,0.0
53.93333333333333,0,0.0,1,39.8375,1,47.7997,0,0.0,0,0.0
53.95,0,0.0,1,39.8334,1,47.4015,0,0.0,0,0.0
53.96666666666667,0,0.0,1,39.855,1,48.2507,0,0.0,0,0.0
53.983333333333334,0,0.0,1,39.8761,1,47.3222,0,0.0,0,0.0
54.0,0,0.0,1,39.8647,1,47.92,0,0.0,0,0.0
54.016666666666666,0,0.0,1,39.8803,1,47.8621,0,0.0,0,0.0
54.03333333333333,0,0.0,1,39.8461,1,47.8903,0,0.0,0,0.0
54.05,0,0.0,1,39.8412,1,47.7793,0,0.0,0,0.0
54.06666666666667,0,0.0,1,39.8476,1,47.3826,0,0.0,0,0.0
54.083333333333336,0,0.0,1,39.8657,1,47.4443,0,0.0,0,0.0
54.1,0,0.0,1,39.8631,1,47.859,0,0.0,0,0.0
54.11666666666667,0,0.0,1,39.8629,1,47.7209,0,0.0,0,0.0
54.13333333333333,0,0.0,1,39.8399,1,47.912,0,0.0,0,0.0
54.15,0,0.0,1,39.8757,1,47.7686,0,0.0,0,0.0
54.166666666666664,0,0.0,1,39.8871,1,47.1858,0,0.0,0,0.0
54.18333333333333,0,0.0,1,39.8699,1,47.8009,0,0.0,0,0.0
54.2,0,0.0,1,39.8725,1,47.7559,0,0.0,0,0.0
54.21666666666667,0,0.0,1,39.8624,1,47.7601,0,0.0,0,0.0
54.233333333333334,0,0.0,1,39.8712,1,47.3709,0,0.0,0,0.0
54.25,0,0.0,1,39.8762,1,47.4206,0,0.0,0,0.0
54.266666666666666,0,0.0,1,39.8935,1,47.3301,0,0.0,0,0.0
54.28333333333333,0,0.0,1,39.8858,1,47.781,0,0.0,0,0.0
54.3,0,0.0,1,39.8639,1,47.7662,0,0.0,0,0.0
54.31666666666667,0,0.0,1,39.8678,1,47.422,0,0.0,0,0.0
54.333333333333336,0,0.0,1,39.8607,1,48.0513,0,0.0,0,0.0
54.35,0,0.0,1,39.88,1,47.3524,0,0.0,0,0.0
54.36666666666667,0,0.0,1,39.8903,1,47.4536,0,0.0,0,0.0
54.38333333333333,0,0.0,1,39.8779,1,47.2316,0,0.0,0,0.0
54.4,0,0.0,1,39.8648,1,48.2477,0,0.0,0,0.0
54.416666666666664,0,0.0,1,39.8599,1,47.4234,0,0.0,0,0.0
54.43333333333333,0,0.0,1,39.8863,1,47.7647,0,0.0,0,0.0
54.45,0,0.0,1,39.87,1,46.971,0,0.0,0,0.0
54.46666666666667,0,0.0,1,39.8807,1,47.9973,0,0.0,0,0.0
54.483333333333334,0,0.0,1,39.8803,1,46.9834,0,0.0,0,0.0
54.5,0,0.0,1,39.8651,1,47.0112,0,0.0,0,0.0
54.516666666666666,0,0.0,1,39.8397,1,48.2867,0,0.0,0,0.0
54.53333333333333,0,0.0,1,39.8575,1,47.0437,0,0.0,0,0.0
54.55,0,0.0,1,39.9003,1,46.3866,0,0.0,0,0.0
54.56666666666667,0,0.0,1,39.8632,1,47.8461,0,0.0,0,0.0
54.583333333333336,0,0.0,1,39.916,1,47.381,0,0.0,0,0.0
54.6,0,0.0,1,39.8857,1,47.3841,0,0.0,0,0.0
54.61666666666667,0,0.0,1,39.844,0,0.0,0,0.0,0,0.0
54.63333333333333,0,0.0,1,39.8676,0,0.0,0,0.0,0,0.0
54.65,0,0.0,1,39.9033,0,0.0,0,0.0,0,0.0
54.666666666666664,0,0.0,1,39.8814,0,0.0,0,0.0,0,0.0
54.68333333333333,0,0.0,1,39.8882,0,0.0,0,0.0,0,0.0
54.7,0,0.0,1,39.9006,0,0.0,0,0.0,0,0.0
54.71666666666667,0,0.0,1,39.8556,0,0.0,0,0.0,0,0.0
54.733333333333334,0,0.0,1,39.8499,0,0.0,0,0.0,0,0.0
54.75,0,0.0,1,39.9056,0,0.0,0,0.0,0,0.0
54.766666666666666,0,0.0,1,39.8898,0,0.0,0,0.0,0,0.0
54.78333333333333,0,0.0,1,39.906,0,0.0,0,0.0,0,0.0
54.8,0,0.0,1,39.9091,0,0.0,0,0.0,0,0.0
54.81666666666667,0,0.0,1,39.8699,0,0.0,0,0.0,0,0.0
54.833333333333336,0,0.0,1,39.8497,0,0.0,0,0.0,0,0.0
54.85,0,0.0,1,39.8928,0,0.0,0,0.0,0,0.0
54.86666666666667,0,0.0,1,39.9027,0,0.0,0,0.0,0,0.0
54.88333333333333,0,0.0,1,39.8691,0,0.0,0,0.0,0,0.0
54.9,0,0.0,1,39.8893,0,0.0,0,0.0,0,0.0
54.916666666666664,0,0.0,1,39.8791,0,0.0,0,0.0,0,0.0
54.93333333333333,0,0.0,1,39.8675,0,0.0,0,0.0,0,0.0
54.95,0,0.0,1,39.8662,0,0.0,0,0.0,0,0.0
54.96666666666667,0,0.0,1,39.8871,0,0.0,0,0.0,0,0.0
54.983333333333334,0,0.0,1,39.9387,0,0.0,0,0.0,0,0.0
55.0,0,0.0,1,39.9032,0,0.0,0,0.0,0,0.0
55.016666666666666,0,0.0,1,39.8741,0,0.0,0,0.0,0,0.0
55.03333333333333,0,0.0,1,39.8675,0,0.0,0,0.0,0,0.0
55.05,0,0.0,1,39.8479,0,0.0,0,0.0,0,0.0
55.06666666666667,0,0.0,1,39.8551,0,0.0,0,0.0,0,0.0
55.083333333333336,0,0.0,1,39.8733,0,0.0,0,0.0,0,0.0
55.1,0,0.0,1,39.8591,0,0.0,0,0.0,0,0.0
55.11666666666667,0,0.0,1,39.8603,0,0.0,0,0.0,0,0.0
55.13333333333333,0,0.0,1,39.8881,0,0.0,0,0.0,0,0.0
55.15,0,0.0,1,39.8737,0,0.0,0,0.0,0,0.0
55.166666666666664,0,0.0,1,39.8713,0,0.0,0,0.0,0,0.0
55.18333333333333,0,0.0,1,39.8805,0,0.0,0,0.0,0,0.0
55.2,0,0.0,1,39.8581,0,0.0,0,0.0,0,0.0
55.21666666666667,0,0.0,1,39.8521,0,0.0,0,0.0,0,0.0
55.233333333333334,0,0.0,1,39.8838,0,0.0,0,0.0,0,0.0
55.25,0,0.0,1,39.8705,0,0.0,0,0.0,0,0.0
55.266666666666666,0,0.0,1,39.882,0,0.0,0,0.0,0,0.0
55.28333333333333,0,0.0,1,39.8584,0,0.0,0,0.0,0,0.0
55.3,0,0.0,1,39.8619,0,0.0,0,0.0,0,0.0
55.31666666666667,0,0.0,1,39.8529,0,0.0,0,0.0,0,0.0
55.333333333333336,0,0.0,1,39.8804,0,0.0,0,0.0,0,0.0
55.35,0,0.0,1,39.8729,0,0.0,0,0.0,0,0.0
55.36666666666667,0,0.0,1,39.8933,0,0.0,0,0.0,0,0.0
55.38333333333333,0,0.0,1,39.8767,0,0.0,0,0.0,0,0.0
55.4,0,0.0,1,39.8656,0,0.0,0,0.0,0,0.0
55.416666666666664,0,0.0,1,39.872,0,0.0,0,0.0,0,0.0
55.43333333333333,0,0.0,1,39.8916,0,0.0,0,0.0,0,0.0
55.45,0,0.0,1,39.875,0,0.0,0,0.0,0,0.0
55.46666666666667,0,0.0,1,39.8977,0,0.0,0,0.0,0,0.0
55.483333333333334,0,0.0,1,39.8798,0,0.0,0,0.0,0,0.0
55.5,0,0.0,1,39.8617,0,0.0,0,0.0,0,0.0
55.516666666666666,0,0.0,1,39.8692,0,0.0,0,0.0,0,0.0
55.53333333333333,0,0.0,1,39.8792,0,0.0,0,0.0,0,0.0
55.55,0,0.0,1,39.8741,0,0.0,0,0.0,0,0.0
55.56666666666667,0,0.0,1,39.8938,0,0.0,0,0.0,0,0.0
55.583333333333336,0,0.0,1,39.9269,0,0.0,0,0.0,0,0.0
55.6,0,0.0,1,39.8623,0,0.0,0,0.0,0,0.0
55.61666666666667,0,0.0,1,39.8427,0,0.0,0,0.0,0,0.0
55.63333333333333,0,0.0,1,39.8986,0,0.0,0,0.0,0,0.0
55.65,0,0.0,1,39.8963,0,0.0,0,0.0,0,0.0
55.666666666666664,0,0.0,1,39.8827,0,0.0,0,0.0,0,0.0
55.68333333333333,0,0.0,1,39.8866,0,0.0,0,0.0,0,0.0
55.7,0,0.0,1,39.8931,0,0.0,0,0.0,0,0.0
55.71666666666667,0,0.0,1,39.8264,0,0.0,0,0.0,0,0.0
55.733333333333334,0,0.0,1,39.8789,0,0.0,0,0.0,0,0.0
55.75,0,0.0,1,39.9054,0,0.0,0,0.0,0,0.0
55.766666666666666,0,0.0,1,39.8952,0,0.0,0,0.0,0,0.0
55.78333333333333,0,0.0,1,39.9007,0,0.0,0,0.0,0,0.0
55.8,0,0.0,1,39.9117,0,0.0,0,0.0,0,0.0
55.81666666666667,0,0.0,1,39.853,0,0.0,0,0.0,0,0.0
55.833333333333336,0,0.0,1,39.8572,0,0.0,0,0.0,0,0.0
55.85,0,0.0,1,39.9005,0,0.0,0,0.0,0,0.0
55.86666666666667,0,0.0,1,39.9227,0,0.0,0,0.0,0,0.0
55.88333333333333,0,0.0,1,39.893,0,0.0,0,0.0,0,0.0
55.9,0,0.0,1,39.9136,0,0.0,0,0.0,0,0.0
55.916666666666664,0,0.0,1,39.8814,0,0.0,0,0.0,0,0.0
55.93333333333333,0,0.0,1,39.8818,0,0.0,0,0.0,0,0.0
55.95,0,0.0,1,39.8781,0,0.0,0,0.0,0,0.0
55.96666666666667,0,0.0,1,39.9165,0,0.0,0,0.0,0,0.0
55.983333333333334,0,0.0,1,39.9033,0,0.0,0,0.0,0,0.0
56.0,0,0.0,1,39.9379,0,0.0,0,0.0,0,0.0
56.016666666666666,0,0.0,1,39.912,0,0.0,0,0.0,0,0.0
56.03333333333333,0,0.0,1,39.8926,0,0.0,0,0.0,0,0.0
56.05,0,0.0,1,39.8979,0,0.0,0,0.0,0,0.0
56.06666666666667,0,0.0,1,39.95,0,0.0,0,0.0,0,0.0
56.083333333333336,0,0.0,1,39.9336,0,0.0,0,0.0,0,0.0
56.1,0,0.0,1,39.9246,0,0.0,0,0.0,0,0.0
56.11666666666667,0,0.0,1,39.9301,0,0.0,0,0.0,0,0.0
56.13333333333333,0,0.0,1,39.8881,0,0.0,0,0.0,0,0.0
56.15,0,0.0,1,39.8669,0,0.0,0,0.0,0,0.0
56.166666666666664,0,0.0,1,39.879,0,0.0,0,0.0,0,0.0
56.18333333333333,0,0.0,1,39.963,0,0.0,0,0.0,0,0.0
56.2,0,0.0,1,39.8848,0,0.0,0,0.0,0,0.0
56.21666666666667,0,0.0,1,39.9054,0,0.0,0,0.0,0,0.0
56.233333333333334,0,0.0,1,39.9015,0,0.0,0,0.0,0,0.0
56.25,0,0.0,1,39.9259,0,0.0,0,0.0,0,0.0
56.266666666666666,0,0.0,1,39.9243,0,0.0,0,0.0,0,0.0
56.28333333333333,0,0.0,1,39.9455,0,0.0,0,0.0,0,0.0
56.3,0,0.0,1,39.9544,0,0.0,0,0.0,0,0.0
56.31666666666667,0,0.0,1,39.9486,0,0.0,0,0.0,0,0.0
56.333333333333336,0,0.0,1,39.9239,0,0.0,0,0.0,0,0.0
56.35,0,0.0,1,39.94,0,0.0,0,0.0,0,0.0
56.36666666666667,0,0.0,1,39.9564,0,0.0,0,0.0,0,0.0
56.38333333333333,0,0.0,1,39.9579,0,0.0,0,0.0,0,0.0
56.4,0,0.0,1,39.9513,0,0.0,0,0.0,0,0.0
56.416666666666664,0,0.0,1,39.9588,0,0.0,0,0.0,0,0.0
56.43333333333333,0,0.0,1,39.9642,0,0.0,0,0.0,0,0.0
56.45,0,0.0,1,39.9645,0,0.0,0,0.0,0,0.0
56.46666666666667,0,0.0,1,39.9434,0,0.0,0,0.0,0,0.0
56.483333333333334,0,0.0,1,39.9773,0,0.0,0,0.0,0,0.0
56.5,0,0.0,1,39.9637,0,0.0,0,0.0,0,0.0
56.516666666666666,0,0.0,1,39.98,0,0.0,0,0.0,0,0.0
56.53333333333333,0,0.0,1,39.9367,0,0.0,0,0.0,0,0.0
56.55,0,0.0,1,39.9386,0,0.0,0,0.0,0,0.0
56.56666666666667,0,0.0,1,39.9551,0,0.0,0,0.0,0,0.0
56.583333333333336,0,0.0,1,39.983,0,0.0,0,0.0,0,0.0
56.6,0,0.0,1,39.942,0,0.0,0,0.0,0,0.0
56.61666666666667,0,0.0,1,39.9676,0,0.0,0,0.0,0,0.0
56.63333333333333,0,0.0,1,39.9562,0,0.0,0,0.0,0,0.0
56.65,0,0.0,1,39.9297,0,0.0,0,0.0,0,0.0
56.666666666666664,0,0.0,1,39.9453,0,0.0,0,0.0,0,0.0
56.68333333333333,0,0.0,1,39.9681,0,0.0,0,0.0,0,0.0
56.7,0,0.0,1,39.928,0,0.0,0,0.0,0,0.0
56.71666666666667,0,0.0,1,39.9522,0,0.0,0,0.0,0,0.0
56.733333333333334,0,0.0,1,39.9833,0,0.0,0,0.0,0,0.0
56.75,0,0.0,1,39.9431,0,0.0,0,0.0,0,0.0
56.766666666666666,0,0.0,1,39.9332,0,0.0,0,0.0,0,0.0
56.78333333333333,0,0.0,1,39.9667,0,0.0,0,0.0,0,0.0
56.8,0,0.0,1,39.9632,0,0.0,0,0.0,0,0.0
56.81666666666667,0,0.0,1,39.9408,0,0.0,0,0.0,0,0.0
56.833333333333336,0,0.0,1,39.9503,0,0.0,0,0.0,0,0.0
56.85,0,0.0,1,39.9796,0,0.0,0,0.0,0,0.0
56.86666666666667,0,0.0,1,39.945,0,0.0,0,0.0,0,0.0
56.88333333333333,0,0.0,1,39.9532,0,0.0,0,0.0,0,0.0
56.9,0,0.0,1,39.9664,0,0.0,0,0.0,0,0.0
56.916666666666664,0,0.0,1,39.9388,0,0.0,0,0.0,0,0.0
56.93333333333333,0,0.0,1,39.9195,0,0.0,0,0.0,0,0.0
56.95,0,0.0,1,39.9617,0,0.0,0,0.0,0,0.0
56.96666666666667,0,0.0,1,39.9434,0,0.0,0,0.0,0,0.0
56.983333333333334,0,0.0,1,39.9342,0,0.0,0,0.0,0,0.0
57.0,0,0.0,1,39.9527,0,0.0,0,0.0,0,0.0
57.016666666666666,0,0.0,1,39.9562,0,0.0,0,0.0,0,0.0
57.03333333333333,0,0.0,1,39.9489,0,0.0,0,0.0,0,0.0
57.05,0,0.0,1,39.9623,0,0.0,0,0.0,0,0.0
57.06666666666667,0,0.0,1,39.9492,0,0.0,0,0.0,0,0.0
57.083333333333336,0,0.0,1,39.8988,0,0.0,0,0.0,0,0.0
57.1,0,0.0,1,39.97,0,0.0,0,0.0,0,0.0
57.11666666666667,0,0.0,1,39.9584,0,0.0,0,0.0,0,0.0
57.13333333333333,0,0.0,1,39.9264,0,0.0,0,0.0,0,0.0
57.15,0,0.0,1,39.9514,0,0.0,0,0.0,0,0.0
57.166666666666664,0,0.0,1,39.9675,0,0.0,0,0.0,0,0.0
57.18333333333333,0,0.0,1,39.9567,0,0.0,0,0.0,0,0.0
57.2,0,0.0,1,39.9583,0,0.0,0,0.0,0,0.0
57.21666666666667,0,0.0,1,39.9839,0,0.0,0,0.0,0,0.0
57.233333333333334,0,0.0,1,39.9569,0,0.0,0,0.0,0,0.0
57.25,0,0.0,1,39.9533,0,0.0,0,0.0,0,0.0
57.266666666666666,0,0.0,1,39.9652,0,0.0,0,0.0,0,0.0
57.28333333333333,0,0.0,1,39.9495,0,0.0,0,0.0,0,0.0
57.3,0,0.0,1,39.9534,0,0.0,0,0.0,0,0.0
57.31666666666667,0,0.0,1,39.9781,0,0.0,0,0.0,0,0.0
57.333333333333336,0,0.0,1,39.9618,0,0.0,0,0.0,0,0.0
57.35,0,0.0,1,39.97,0,0.0,0,0.0,0,0.0
57.36666666666667,0,0.0,1,39.955,0,0.0,0,0.0,0,0.0
57.38333333333333,0,0.0,1,39.9405,0,0.0,0,0.0,0,0.0
57.4,0,0.0,1,39.9406,0,0.0,0,0.0,0,0.0
57.416666666666664,0,0.0,1,39.954,0,0.0,0,0.0,0,0.0
57.43333333333333,0,0.0,1,39.9731,0,0.0,0,0.0,0,0.0
57.45,0,0.0,1,39.9667,0,0.0,0,0.0,0,0.0
57.46666666666667,0,0.0,1,39.9614,0,0.0,0,0.0,0,0.0
57.483333333333334,0,0.0,1,39.9625,0,0.0,0,0.0,0,0.0
57.5,0,0.0,1,39.9627,0,0.0,0,0.0,0,0.0
57.516666666666666,0,0.0,1,39.9305,0,0.0,0,0.0,0,0.0
57.53333333333333,0,0.0,1,39.9347,0,0.0,0,0.0,0,0.0
57.55,0,0.0,1,39.9792,0,0.0,0,0.0,0,0.0
57.56666666666667,0,0.0,1,39.9837,0,0.0,0,0.0,0,0.0
57.583333333333336,0,0.0,1,39.9562,0,0.0,0,0.0,0,0.0
57.6,0,0.0,1,39.9567,0,0.0,0,0.0,0,0.0
57.61666666666667,0,0.0,1,39.9472,0,0.0,0,0.0,0,0.0
57.63333333333333,0,0.0,1,39.9879,0,0.0,0,0.0,0,0.0
57.65,0,0.0,1,39.9865,0,0.0,0,0.0,0,0.0
57.666666666666664,0,0.0,1,39.9773,0,0.0,0,0.0,0,0.0
57.68333333333333,0,0.0,1,39.9799,0,0.0,0,0.0,0,0.0
57.7,0,0.0,1,39.9537,0,0.0,0,0.0,0,0.0
57.71666666666667,0,0.0,1,39.9638,0,0.0,0,0.0,0,0.0
57.733333333333334,0,0.0,1,39.962,0,0.0,0,0.0,0,0.0
57.75,0,0.0,1,39.9788,0,0.0,0,0.0,0,0.0
57.766666666666666,0,0.0,1,39.993,0,0.0,0,0.0,0,0.0
57.78333333333333,0,0.0,1,39.9883,0,0.0,0,0.0,0,0.0
57.8,0,0.0,1,39.9597,0,0.0,0,0.0,0,0.0
57.81666666666667,0,0.0,1,39.9408,0,0.0,0,0.0,0,0.0
57.833333333333336,0,0.0,1,39.9752,0,0.0,0,0.0,0,0.0
57.85,0,0.0,1,39.9826,0,0.0,0,0.0,0,0.0
57.86666666666667,0,0.0,1,39.9619,0,0.0,0,0.0,0,0.0
57.88333333333333,0,0.0,1,39.9849,0,0.0,0,0.0,0,0.0
57.9,0,0.0,1,39.969,0,0.0,0,0.0,0,0.0
57.916666666666664,0,0.0,1,39.9374,0,0.0,0,0.0,0,0.0
57.93333333333333,0,0.0,1,39.9444,0,0.0,0,0.0,0,0.0
57.95,0,0.0,1,39.9613,0,0.0,0,0.0,0,0.0
57.96666666666667,0,0.0,1,39.959,0,0.0,0,0.0,0,0.0
57.983333333333334,0,0.0,1,39.9866,0,0.0,0,0.0,0,0.0
58.0,1,1262.9858,1,39.9838,0,0.0,0,0.0,0,0.0
58.016666666666666,1,1262.6962,1,39.959,0,0.0,0,0.0,0,0.0
58.03333333333333,1,1262.1492,1,39.941,0,0.0,0,0.0,0,0.0
58.05,1,1262.3368,1,39.9533,0,0.0,0,0.0,0,0.0
58.06666666666667,1,330.4845,1,39.9743,0,0.0,0,0.0,0,0.0
58.083333333333336,1,1.4808,1,39.962,0,0.0,0,0.0,0,0.0
58.1,1,1.5173,1,39.983,0,0.0,0,0.0,0,0.0
58.11666666666667,1,1.5132,1,39.9824,0,0.0,0,0.0,0,0.0
58.13333333333333,1,1.5095,1,39.945,0,0.0,0,0.0,0,0.0
58.15,1,1.5544,1,39.9476,0,0.0,0,0.0,0,0.0
58.166666666666664,1,1.554,1,39.9629,0,0.0,0,0.0,0,0.0
58.18333333333333,1,1.5773,1,39.9757,0,0.0,0,0.0,0,0.0
58.2,1,1.5713,1,39.9819,0,0.0,0,0.0,0,0.0
58.21666666666667,1,1.5856,1,39.9903,0,0.0,0,0.0,0,0.0
58.233333333333334,1,1.5484,1,39.9475,0,0.0,0,0.0,0,0.0
58.25,1,1.5634,1,39.9222,0,0.0,0,0.0,0,0.0
58.266666666666666,1,1.5812,1,39.9392,0,0.0,0,0.0,0,0.0
58.28333333333333,1,1.5925,1,39.9731,0,0.0,0,0.0,0,0.0
58.3,1,1.5742,1,39.9776,0,0.0,0,0.0,0,0.0
58.31666666666667,1,1.5594,1,39.9676,0,0.0,0,0.0,0,0.0
58.333333333333336,1,1.5739,1,39.9678,0,0.0,0,0.0,0,0.0
58.35,1,1.5872,1,39.9378,0,0.0,0,0.0,0,0.0
58.36666666666667,1,1.581,1,39.9491,0,0.0,0,0.0,0,0.0
58.38333333333333,1,1.5863,1,39.9717,0,0.0,0,0.0,0,0.0
58.4,1,1.5859,1,39.9672,0,0.0,0,0.0,0,0.0
58.416666666666664,1,1.6057,1,39.9592,0,0.0,0,0.0,0,0.0
58.43333333333333,1,1.5781,1,39.9687,0,0.0,0,0.0,0,0.0
58.45,1,1.5768,1,39.9532,0,0.0,0,0.0,0,0.0
58.46666666666667,1,1.5859,1,39.9326,0,0.0,0,0.0,0,0.0
58.483333333333334,1,1.5889,1,39.9349,0,0.0,0,0.0,0,0.0
58.5,1,1.6052,1,39.9797,0,0.0,0,0.0,0,0.0
58.516666666666666,1,1.5991,1,39.9727,0,0.0,0,0.0,0,0.0
58.53333333333333,1,1.609,1,39.9592,0,0.0,0,0.0,0,0.0
58.55,1,1.5801,0,0.0,0,0.0,0,0.0,0,0.0
58.56666666666667,1,1.6061,0,0.0,0,0.0,0,0.0,0,0.0
58.583333333333336,1,1.5892,0,0.0,0,0.0,0,0.0,0,0.0
58.6,1,1.5713,0,0.0,0,0.0,0,0.0,0,0.0
58.61666666666667,1,1.5502,0,0.0,0,0.0,0,0.0,0,0.0
58.63333333333333,1,1.5848,0,0.0,0,0.0,0,0.0,0,0.0
58.65,1,1.5866,0,0.0,0,0.0,0,0.0,0,0.0
58.666666666666664,1,1.5958,0,0.0,0,0.0,0,0.0,0,0.0
58.68333333333333,1,1.5978,0,0.0,0,0.0,0,0.0,0,0.0
58.7,1,1.5879,0,0.0,0,0.0,0,0.0,0,0.0
58.71666666666667,1,1.5861,0,0.0,0,0.0,0,0.0,0,0.0
58.733333333333334,1,1.5798,0,0.0,0,0.0,0,0.0,0,0.0
58.75,1,1.5688,0,0.0,0,0.0,0,0.0,0,0.0
58.766666666666666,1,1.5931,0,0.0,0,0.0,0,0.0,0,0.0
58.78333333333333,1,1.5944,0,0.0,0,0.0,0,0.0,0,0.0
58.8,1,1.589,0,0.0,0,0.0,0,0.0,0,0.0
58.81666666666667,1,1.5658,0,0.0,0,0.0,0,0.0,0,0.0
58.833333333333336,1,1.6036,0,0.0,0,0.0,0,0.0,0,0.0
58.85,1,1.367,0,0.0,0,0.0,0,0.0,0,0.0
58.86666666666667,1,1.5772,0,0.0,0,0.0,0,0.0,0,0.0
58.88333333333333,1,1.5822,0,0.0,0,0.0,0,0.0,0,0.0
58.9,1,1.6016,0,0.0,0,0.0,0,0.0,0,0.0
58.916666666666664,1,1.5814,0,0.0,0,0.0,0,0.0,0,0.0
58.93333333333333,1,1.5926,0,0.0,0,0.0,0,0.0,0,0.0
58.95,1,1.5852,0,0.0,0,0.0,0,0.0,0,0.0
58.96666666666667,1,1.5708,0,0.0,0,0.0,0,0.0,0,0.0
58.983333333333334,1,1.5936,0,0.0,0,0.0,0,0.0,0,0.0
59.0,1,1.6301,0,0.0,0,0.0,0,0.0,0,0.0
59.016666666666666,1,1261.8835,0,0.0,0,0.0,0,0.0,0,0.0
59.03333333333333,1,1262.3711,0,0.0,0,0.0,0,0.0,0,0.0
59.05,1,1261.5099,0,0.0,0,0.0,0,0.0,0,0.0
59.06666666666667,1,1259.5856,0,0.0,0,0.0,0,0.0,0,0.0
59.083333333333336,1,1260.3776,0,0.0,0,0.0,0,0.0,0,0.0
59.1,1,1262.3367,0,0.0,0,0.0,0,0.0,0,0.0
59.11666666666667,1,1262.6212,0,0.0,0,0.0,0,0.0,0,0.0
59.13333333333333,1,1262.3054,0,0.0,0,0.0,0,0.0,0,0.0
59.15,1,1262.8844,0,0.0,0,0.0,0,0.0,0,0.0
59.166666666666664,1,1263.0317,0,0.0,0,0.0,0,0.0,0,0.0
59.18333333333333,1,1262.0868,0,0.0,0,0.0,0,0.0,0,0.0
59.2,1,1259.577,0,0.0,0,0.0,0,0.0,0,0.0
59.21666666666667,1,1262.6418,0,0.0,0,0.0,0,0.0,0,0.0
59.233333333333334,1,1263.2632,0,0.0,0,0.0,0,0.0,0,0.0
59.25,1,1263.0337,0,0.0,0,0.0,0,0.0,0,0.0
59.266666666666666,1,1262.5739,0,0.0,0,0.0,0,0.0,0,0.0
59.28333333333333,1,1261.7521,0,0.0,0,0.0,0,0.0,0,0.0
59.3,1,1262.427,0,0.0,0,0.0,0,0.0,0,0.0
59.31666666666667,1,1263.1681,0,0.0,0,0.0,0,0.0,0,0.0
59.333333333333336,1,1263.3063,0,0.0,0,0.0,0,0.0,0,0.0
59.35,1,1263.1456,0,0.0,0,0.0,0,0.0,0,0.0
59.36666666666667,1,1262.986,0,0.0,0,0.0,0,0.0,0,0.0
59.38333333333333,1,1260.6515,0,0.0,0,0.0,0,0.0,0,0.0
59.4,1,1263.9142,0,0.0,0,0.0,0,0.0,0,0.0
59.416666666666664,1,1264.0504,0,0.0,0,0.0,0,0.0,0,0.0
59.43333333333333,1,1263.3521,0,0.0,0,0.0,0,0.0,0,0.0
59.45,1,1261.778,0,0.0,0,0.0,0,0.0,0,0.0
59.46666666666667,1,1263.3993,0,0.0,0,0.0,0,0.0,0,0.0
59.483333333333334,1,1263.8796,0,0.0,0,0.0,0,0.0,0,0.0
59.5,1,1261.8186,0,0.0,0,0.0,0,0.0,0,0.0
59.516666666666666,1,1.5699,0,0.0,0,0.0,0,0.0,0,0.0
59.53333333333333,1,1.5914,0,0.0,0,0.0,0,0.0,0,0.0
59.55,1,1.5893,0,0.0,0,0.0,0,0.0,0,0.0
59.56666666666667,1,1.5765,0,0.0,0,0.0,0,0.0,0,0.0
59.583333333333336,1,1.5981,0,0.0,0,0.0,0,0.0,0,0.0
59.6,1,1.6863,0,0.0,0,0.0,0,0.0,0,0.0
59.61666666666667,1,1.5833,0,0.0,0,0.0,0,0.0,0,0.0
59.63333333333333,1,1.5869,0,0.0,0,0.0,0,0.0,0,0.0
59.65,1,1.5908,0,0.0,0,0.0,0,0.0,0,0.0
59.666666666666664,1,1.599,0,0.0,0,0.0,0,0.0,0,0.0
59.68333333333333,1,1.5833,0,0.0,0,0.0,0,0.0,0,0.0
59.7,1,1.575,0,0.0,0,0.0,0,0.0,0,0.0
59.71666666666667,1,1.5872,0,0.0,0,0.0,0,0.0,0,0.0
59.733333333333334,1,1.5952,0,0.0,0,0.0,0,0.0,0,0.0
59.75,1,1.5819,0,0.0,0,0.0,0,0.0,0,0.0
59.766666666666666,1,1.5972,0,0.0,0,0.0,0,0.0,0,0.0
59.78333333333333,1,1.5993,0,0.0,0,0.0,0,0.0,0,0.0
59.8,1,1.5916,0,0.0,0,0.0,0,0.0,0,0.0
59.81666666666667,1,1.5846,0,0.0,0,0.0,0,0.0,0,0.0
59.833333333333336,1,1.588,0,0.0,0,0.0,0,0.0,0,0.0
59.85,1,1.5769,0,0.0,0,0.0,0,0.0,0,0.0
59.86666666666667,1,1.5723,0,0.0,0,0.0,0,0.0,0,0.0
59.88333333333333,1,1.5991,0,0.0,0,0.0,0,0.0,0,0.0
59.9,1,1.6053,0,0.0,0,0.0,0,0.0,0,0.0
59.916666666666664,1,1.5831,0,0.0,0,0.0,0,0.0,0,0.0
59.93333333333333,1,1.5958,0,0.0,0,0.0,0,0.0,0,0.0
59.95,1,1.5979,0,0.0,0,0.0,0,0.0,0,0.0
59.96666666666667,1,1.5821,0,0.0,0,0.0,0,0.0,0,0.0
59.983333333333334,1,1.5828,0,0.0,0,0.0,0,0.0,0,0.0
